Subject,Start Date,Start Time,End Date,End Time,All day event,Location,Description,Reminder On/Off
🎉 Prvi dan škole,2026-09-07,,2026-09-07,,True,"LINIGRA – privatna škola s pravom javnosti, Gjure Szaba 4, 10000 Zagreb",Izvor: javni kalendar Školski praznici HR,Off
Njemački jezik u turizmu (NJEM1),2026-09-07,08:45,2026-09-07,09:30,False,"1.A – LINIGRA – privatna škola s pravom javnosti, Gjure Szaba 4, 10000 Zagreb",Razred 1.A | Predmet: Njemački jezik u turizmu (NJEM1) | Nastavnik: Žaneta Štrbac Mišić | Učionica: 1.A | Sat: 1,Off
Engleski jezik struke 4 (EJS1),2026-09-07,09:35,2026-09-07,10:20,False,"1.A – LINIGRA – privatna škola s pravom javnosti, Gjure Szaba 4, 10000 Zagreb",Razred 1.A | Predmet: Engleski jezik struke 4 (EJS1) | Nastavnik: Lana Potočki | Učionica: 1.A | Sat: 2,Off
Matematika (MAT),2026-09-07,10:30,2026-09-07,11:15,False,"1.A – LINIGRA – privatna škola s pravom javnosti, Gjure Szaba 4, 10000 Zagreb",Razred 1.A | Predmet: Matematika (MAT) | Nastavnik: Marija Erić | Učionica: 1.A | Sat: 3,Off
Hrvatski jezik (HRV),2026-09-07,11:20,2026-09-07,12:05,False,"1.A – LINIGRA – privatna škola s pravom javnosti, Gjure Szaba 4, 10000 Zagreb",Razred 1.A | Predmet: Hrvatski jezik (HRV) | Nastavnik: Iva Rončević | Učionica: 1.A | Sat: 4,Off
Poslovni talijanski jezik u turizmu (TAL1),2026-09-07,12:35,2026-09-07,13:20,False,"1.A – LINIGRA – privatna škola s pravom javnosti, Gjure Szaba 4, 10000 Zagreb",Razred 1.A | Predmet: Poslovni talijanski jezik u turizmu (TAL1) | Nastavnik: Marina Šušić | Učionica: 1.A | Sat: 5,Off
Povijest (POV),2026-09-07,13:25,2026-09-07,14:10,False,"1.A – LINIGRA – privatna škola s pravom javnosti, Gjure Szaba 4, 10000 Zagreb",Razred 1.A | Predmet: Povijest (POV) | Nastavnik: Ivana Brinc | Učionica: 1.A | Sat: 6,Off
Matematika (MAT),2026-09-08,08:45,2026-09-08,09:30,False,"1.A – LINIGRA – privatna škola s pravom javnosti, Gjure Szaba 4, 10000 Zagreb",Razred 1.A | Predmet: Matematika (MAT) | Nastavnik: Marija Erić | Učionica: 1.A | Sat: 1,Off
Vjeronauk (VJE),2026-09-08,09:35,2026-09-08,10:20,False,"1.A – LINIGRA – privatna škola s pravom javnosti, Gjure Szaba 4, 10000 Zagreb",Razred 1.A | Predmet: Vjeronauk (VJE) | Nastavnik: Marina Bertić | Učionica: 1.A | Sat: 2,Off
Zaštita na radu u turizmu i ugostiteljstvu (ZNR),2026-09-08,10:30,2026-09-08,12:05,False,"1.A – LINIGRA – privatna škola s pravom javnosti, Gjure Szaba 4, 10000 Zagreb","Razred 1.A | Predmet: Zaštita na radu u turizmu i ugostiteljstvu (ZNR) | Nastavnik: Sandra Bučić Srdarev | Učionica: 1.A | Sat: 3, 4",Off
Ekologija u turizmu i ugostiteljstvu (ORT-1),2026-09-08,12:35,2026-09-08,13:20,False,"1.A – LINIGRA – privatna škola s pravom javnosti, Gjure Szaba 4, 10000 Zagreb",Razred 1.A | Predmet: Ekologija u turizmu i ugostiteljstvu (ORT-1) | Nastavnik: Trpimir-Frane Sulić | Učionica: 1.A | Sat: 5,Off
Engleski jezik (ENG),2026-09-08,13:25,2026-09-08,14:10,False,"1.A – LINIGRA – privatna škola s pravom javnosti, Gjure Szaba 4, 10000 Zagreb",Razred 1.A | Predmet: Engleski jezik (ENG) | Nastavnik: Ivana Marušić | Učionica: 1.A | Sat: 6,Off
Tjelesni (TZK),2026-09-08,14:20,2026-09-08,15:05,False,"Ter – LINIGRA – privatna škola s pravom javnosti, Gjure Szaba 4, 10000 Zagreb",Razred 1.A | Predmet: Tjelesni (TZK) | Nastavnik: Andrea Josić | Učionica: Ter | Sat: 7,Off
Ekologija u turizmu i ugostiteljstvu (ORT-1),2026-09-09,08:45,2026-09-09,10:20,False,"1.A – LINIGRA – privatna škola s pravom javnosti, Gjure Szaba 4, 10000 Zagreb","Razred 1.A | Predmet: Ekologija u turizmu i ugostiteljstvu (ORT-1) | Nastavnik: Trpimir-Frane Sulić | Učionica: 1.A | Sat: 1, 2",Off
Zaštita na radu u turizmu i ugostiteljstvu (ZNR),2026-09-09,10:30,2026-09-09,12:05,False,"1.A – LINIGRA – privatna škola s pravom javnosti, Gjure Szaba 4, 10000 Zagreb","Razred 1.A | Predmet: Zaštita na radu u turizmu i ugostiteljstvu (ZNR) | Nastavnik: Sandra Bučić Srdarev | Učionica: 1.A | Sat: 3, 4",Off
Engleski jezik struke 4 (EJS1),2026-09-09,12:35,2026-09-09,13:20,False,"1.A – LINIGRA – privatna škola s pravom javnosti, Gjure Szaba 4, 10000 Zagreb",Razred 1.A | Predmet: Engleski jezik struke 4 (EJS1) | Nastavnik: Lana Potočki | Učionica: 1.A | Sat: 5,Off
Matematika (MAT),2026-09-09,13:25,2026-09-09,14:10,False,"1.A – LINIGRA – privatna škola s pravom javnosti, Gjure Szaba 4, 10000 Zagreb",Razred 1.A | Predmet: Matematika (MAT) | Nastavnik: Marija Erić | Učionica: 1.A | Sat: 6,Off
Hrvatski jezik (HRV),2026-09-09,14:20,2026-09-09,15:05,False,"1.A – LINIGRA – privatna škola s pravom javnosti, Gjure Szaba 4, 10000 Zagreb",Razred 1.A | Predmet: Hrvatski jezik (HRV) | Nastavnik: Iva Rončević | Učionica: 1.A | Sat: 7,Off
Matematika (MAT),2026-09-10,08:45,2026-09-10,09:30,False,"1.A – LINIGRA – privatna škola s pravom javnosti, Gjure Szaba 4, 10000 Zagreb",Razred 1.A | Predmet: Matematika (MAT) | Nastavnik: Marija Erić | Učionica: 1.A | Sat: 1,Off
Engleski jezik struke 4 (EJS1),2026-09-10,09:35,2026-09-10,10:20,False,"1.A – LINIGRA – privatna škola s pravom javnosti, Gjure Szaba 4, 10000 Zagreb",Razred 1.A | Predmet: Engleski jezik struke 4 (EJS1) | Nastavnik: Lana Potočki | Učionica: 1.A | Sat: 2,Off
Poslovni talijanski jezik u turizmu (TAL1),2026-09-10,10:30,2026-09-10,11:15,False,"1.A – LINIGRA – privatna škola s pravom javnosti, Gjure Szaba 4, 10000 Zagreb",Razred 1.A | Predmet: Poslovni talijanski jezik u turizmu (TAL1) | Nastavnik: Marina Šušić | Učionica: 1.A | Sat: 3,Off
Ekologija u turizmu i ugostiteljstvu (ORT-1),2026-09-10,11:20,2026-09-10,12:05,False,"1.A – LINIGRA – privatna škola s pravom javnosti, Gjure Szaba 4, 10000 Zagreb",Razred 1.A | Predmet: Ekologija u turizmu i ugostiteljstvu (ORT-1) | Nastavnik: Trpimir-Frane Sulić | Učionica: 1.A | Sat: 4,Off
Ekologija u turizmu i ugostiteljstvu (ORT-1),2026-09-10,12:35,2026-09-10,13:20,False,"1.A – LINIGRA – privatna škola s pravom javnosti, Gjure Szaba 4, 10000 Zagreb",Razred 1.A | Predmet: Ekologija u turizmu i ugostiteljstvu (ORT-1) | Nastavnik: Trpimir-Frane Sulić | Učionica: 1.A | Sat: 5,Off
Njemački jezik u turizmu (NJEM1),2026-09-10,13:25,2026-09-10,14:10,False,"1.A – LINIGRA – privatna škola s pravom javnosti, Gjure Szaba 4, 10000 Zagreb",Razred 1.A | Predmet: Njemački jezik u turizmu (NJEM1) | Nastavnik: Žaneta Štrbac Mišić | Učionica: 1.A | Sat: 6,Off
Hrvatski jezik (HRV),2026-09-10,14:20,2026-09-10,15:05,False,"1.A – LINIGRA – privatna škola s pravom javnosti, Gjure Szaba 4, 10000 Zagreb",Razred 1.A | Predmet: Hrvatski jezik (HRV) | Nastavnik: Iva Rončević | Učionica: 1.A | Sat: 7,Off
Zaštita na radu u turizmu i ugostiteljstvu (ZNR),2026-09-11,08:45,2026-09-11,10:20,False,"1.A – LINIGRA – privatna škola s pravom javnosti, Gjure Szaba 4, 10000 Zagreb","Razred 1.A | Predmet: Zaštita na radu u turizmu i ugostiteljstvu (ZNR) | Nastavnik: Sandra Bučić Srdarev | Učionica: 1.A | Sat: 1, 2",Off
Engleski jezik (ENG),2026-09-11,10:30,2026-09-11,11:15,False,"1.A – LINIGRA – privatna škola s pravom javnosti, Gjure Szaba 4, 10000 Zagreb",Razred 1.A | Predmet: Engleski jezik (ENG) | Nastavnik: Ivana Marušić | Učionica: 1.A | Sat: 3,Off
Hrvatski jezik (HRV),2026-09-11,11:20,2026-09-11,12:05,False,"1.A – LINIGRA – privatna škola s pravom javnosti, Gjure Szaba 4, 10000 Zagreb",Razred 1.A | Predmet: Hrvatski jezik (HRV) | Nastavnik: Iva Rončević | Učionica: 1.A | Sat: 4,Off
Njemački jezik u turizmu (NJEM1),2026-09-11,12:35,2026-09-11,13:20,False,"1.A – LINIGRA – privatna škola s pravom javnosti, Gjure Szaba 4, 10000 Zagreb",Razred 1.A | Predmet: Njemački jezik u turizmu (NJEM1) | Nastavnik: Žaneta Štrbac Mišić | Učionica: 1.A | Sat: 5,Off
Sat razredne zajednice (Srz),2026-09-11,13:25,2026-09-11,14:10,False,"1.A – LINIGRA – privatna škola s pravom javnosti, Gjure Szaba 4, 10000 Zagreb",Razred 1.A | Predmet: Sat razredne zajednice (Srz) | Nastavnik: Ivana Brinc | Učionica: 1.A | Sat: 6,Off
Njemački jezik u turizmu (NJEM1),2026-09-14,08:45,2026-09-14,09:30,False,"1.A – LINIGRA – privatna škola s pravom javnosti, Gjure Szaba 4, 10000 Zagreb",Razred 1.A | Predmet: Njemački jezik u turizmu (NJEM1) | Nastavnik: Žaneta Štrbac Mišić | Učionica: 1.A | Sat: 1,Off
Engleski jezik struke 4 (EJS1),2026-09-14,09:35,2026-09-14,10:20,False,"1.A – LINIGRA – privatna škola s pravom javnosti, Gjure Szaba 4, 10000 Zagreb",Razred 1.A | Predmet: Engleski jezik struke 4 (EJS1) | Nastavnik: Lana Potočki | Učionica: 1.A | Sat: 2,Off
Matematika (MAT),2026-09-14,10:30,2026-09-14,11:15,False,"1.A – LINIGRA – privatna škola s pravom javnosti, Gjure Szaba 4, 10000 Zagreb",Razred 1.A | Predmet: Matematika (MAT) | Nastavnik: Marija Erić | Učionica: 1.A | Sat: 3,Off
Hrvatski jezik (HRV),2026-09-14,11:20,2026-09-14,12:05,False,"1.A – LINIGRA – privatna škola s pravom javnosti, Gjure Szaba 4, 10000 Zagreb",Razred 1.A | Predmet: Hrvatski jezik (HRV) | Nastavnik: Iva Rončević | Učionica: 1.A | Sat: 4,Off
Poslovni talijanski jezik u turizmu (TAL1),2026-09-14,12:35,2026-09-14,13:20,False,"1.A – LINIGRA – privatna škola s pravom javnosti, Gjure Szaba 4, 10000 Zagreb",Razred 1.A | Predmet: Poslovni talijanski jezik u turizmu (TAL1) | Nastavnik: Marina Šušić | Učionica: 1.A | Sat: 5,Off
Povijest (POV),2026-09-14,13:25,2026-09-14,14:10,False,"1.A – LINIGRA – privatna škola s pravom javnosti, Gjure Szaba 4, 10000 Zagreb",Razred 1.A | Predmet: Povijest (POV) | Nastavnik: Ivana Brinc | Učionica: 1.A | Sat: 6,Off
Matematika (MAT),2026-09-15,08:45,2026-09-15,09:30,False,"1.A – LINIGRA – privatna škola s pravom javnosti, Gjure Szaba 4, 10000 Zagreb",Razred 1.A | Predmet: Matematika (MAT) | Nastavnik: Marija Erić | Učionica: 1.A | Sat: 1,Off
Vjeronauk (VJE),2026-09-15,09:35,2026-09-15,10:20,False,"1.A – LINIGRA – privatna škola s pravom javnosti, Gjure Szaba 4, 10000 Zagreb",Razred 1.A | Predmet: Vjeronauk (VJE) | Nastavnik: Marina Bertić | Učionica: 1.A | Sat: 2,Off
Zaštita na radu u turizmu i ugostiteljstvu (ZNR),2026-09-15,10:30,2026-09-15,12:05,False,"1.A – LINIGRA – privatna škola s pravom javnosti, Gjure Szaba 4, 10000 Zagreb","Razred 1.A | Predmet: Zaštita na radu u turizmu i ugostiteljstvu (ZNR) | Nastavnik: Sandra Bučić Srdarev | Učionica: 1.A | Sat: 3, 4",Off
Ekologija u turizmu i ugostiteljstvu (ORT-1),2026-09-15,12:35,2026-09-15,13:20,False,"1.A – LINIGRA – privatna škola s pravom javnosti, Gjure Szaba 4, 10000 Zagreb",Razred 1.A | Predmet: Ekologija u turizmu i ugostiteljstvu (ORT-1) | Nastavnik: Trpimir-Frane Sulić | Učionica: 1.A | Sat: 5,Off
Engleski jezik (ENG),2026-09-15,13:25,2026-09-15,14:10,False,"1.A – LINIGRA – privatna škola s pravom javnosti, Gjure Szaba 4, 10000 Zagreb",Razred 1.A | Predmet: Engleski jezik (ENG) | Nastavnik: Ivana Marušić | Učionica: 1.A | Sat: 6,Off
Tjelesni (TZK),2026-09-15,14:20,2026-09-15,15:05,False,"Ter – LINIGRA – privatna škola s pravom javnosti, Gjure Szaba 4, 10000 Zagreb",Razred 1.A | Predmet: Tjelesni (TZK) | Nastavnik: Andrea Josić | Učionica: Ter | Sat: 7,Off
Ekologija u turizmu i ugostiteljstvu (ORT-1),2026-09-16,08:45,2026-09-16,10:20,False,"1.A – LINIGRA – privatna škola s pravom javnosti, Gjure Szaba 4, 10000 Zagreb","Razred 1.A | Predmet: Ekologija u turizmu i ugostiteljstvu (ORT-1) | Nastavnik: Trpimir-Frane Sulić | Učionica: 1.A | Sat: 1, 2",Off
Zaštita na radu u turizmu i ugostiteljstvu (ZNR),2026-09-16,10:30,2026-09-16,12:05,False,"1.A – LINIGRA – privatna škola s pravom javnosti, Gjure Szaba 4, 10000 Zagreb","Razred 1.A | Predmet: Zaštita na radu u turizmu i ugostiteljstvu (ZNR) | Nastavnik: Sandra Bučić Srdarev | Učionica: 1.A | Sat: 3, 4",Off
Engleski jezik struke 4 (EJS1),2026-09-16,12:35,2026-09-16,13:20,False,"1.A – LINIGRA – privatna škola s pravom javnosti, Gjure Szaba 4, 10000 Zagreb",Razred 1.A | Predmet: Engleski jezik struke 4 (EJS1) | Nastavnik: Lana Potočki | Učionica: 1.A | Sat: 5,Off
Matematika (MAT),2026-09-16,13:25,2026-09-16,14:10,False,"1.A – LINIGRA – privatna škola s pravom javnosti, Gjure Szaba 4, 10000 Zagreb",Razred 1.A | Predmet: Matematika (MAT) | Nastavnik: Marija Erić | Učionica: 1.A | Sat: 6,Off
Hrvatski jezik (HRV),2026-09-16,14:20,2026-09-16,15:05,False,"1.A – LINIGRA – privatna škola s pravom javnosti, Gjure Szaba 4, 10000 Zagreb",Razred 1.A | Predmet: Hrvatski jezik (HRV) | Nastavnik: Iva Rončević | Učionica: 1.A | Sat: 7,Off
Matematika (MAT),2026-09-17,08:45,2026-09-17,09:30,False,"1.A – LINIGRA – privatna škola s pravom javnosti, Gjure Szaba 4, 10000 Zagreb",Razred 1.A | Predmet: Matematika (MAT) | Nastavnik: Marija Erić | Učionica: 1.A | Sat: 1,Off
Engleski jezik struke 4 (EJS1),2026-09-17,09:35,2026-09-17,10:20,False,"1.A – LINIGRA – privatna škola s pravom javnosti, Gjure Szaba 4, 10000 Zagreb",Razred 1.A | Predmet: Engleski jezik struke 4 (EJS1) | Nastavnik: Lana Potočki | Učionica: 1.A | Sat: 2,Off
Poslovni talijanski jezik u turizmu (TAL1),2026-09-17,10:30,2026-09-17,11:15,False,"1.A – LINIGRA – privatna škola s pravom javnosti, Gjure Szaba 4, 10000 Zagreb",Razred 1.A | Predmet: Poslovni talijanski jezik u turizmu (TAL1) | Nastavnik: Marina Šušić | Učionica: 1.A | Sat: 3,Off
Ekologija u turizmu i ugostiteljstvu (ORT-1),2026-09-17,11:20,2026-09-17,12:05,False,"1.A – LINIGRA – privatna škola s pravom javnosti, Gjure Szaba 4, 10000 Zagreb",Razred 1.A | Predmet: Ekologija u turizmu i ugostiteljstvu (ORT-1) | Nastavnik: Trpimir-Frane Sulić | Učionica: 1.A | Sat: 4,Off
Ekologija u turizmu i ugostiteljstvu (ORT-1),2026-09-17,12:35,2026-09-17,13:20,False,"1.A – LINIGRA – privatna škola s pravom javnosti, Gjure Szaba 4, 10000 Zagreb",Razred 1.A | Predmet: Ekologija u turizmu i ugostiteljstvu (ORT-1) | Nastavnik: Trpimir-Frane Sulić | Učionica: 1.A | Sat: 5,Off
Njemački jezik u turizmu (NJEM1),2026-09-17,13:25,2026-09-17,14:10,False,"1.A – LINIGRA – privatna škola s pravom javnosti, Gjure Szaba 4, 10000 Zagreb",Razred 1.A | Predmet: Njemački jezik u turizmu (NJEM1) | Nastavnik: Žaneta Štrbac Mišić | Učionica: 1.A | Sat: 6,Off
Hrvatski jezik (HRV),2026-09-17,14:20,2026-09-17,15:05,False,"1.A – LINIGRA – privatna škola s pravom javnosti, Gjure Szaba 4, 10000 Zagreb",Razred 1.A | Predmet: Hrvatski jezik (HRV) | Nastavnik: Iva Rončević | Učionica: 1.A | Sat: 7,Off
Zaštita na radu u turizmu i ugostiteljstvu (ZNR),2026-09-18,08:45,2026-09-18,10:20,False,"1.A – LINIGRA – privatna škola s pravom javnosti, Gjure Szaba 4, 10000 Zagreb","Razred 1.A | Predmet: Zaštita na radu u turizmu i ugostiteljstvu (ZNR) | Nastavnik: Sandra Bučić Srdarev | Učionica: 1.A | Sat: 1, 2",Off
Engleski jezik (ENG),2026-09-18,10:30,2026-09-18,11:15,False,"1.A – LINIGRA – privatna škola s pravom javnosti, Gjure Szaba 4, 10000 Zagreb",Razred 1.A | Predmet: Engleski jezik (ENG) | Nastavnik: Ivana Marušić | Učionica: 1.A | Sat: 3,Off
Hrvatski jezik (HRV),2026-09-18,11:20,2026-09-18,12:05,False,"1.A – LINIGRA – privatna škola s pravom javnosti, Gjure Szaba 4, 10000 Zagreb",Razred 1.A | Predmet: Hrvatski jezik (HRV) | Nastavnik: Iva Rončević | Učionica: 1.A | Sat: 4,Off
Njemački jezik u turizmu (NJEM1),2026-09-18,12:35,2026-09-18,13:20,False,"1.A – LINIGRA – privatna škola s pravom javnosti, Gjure Szaba 4, 10000 Zagreb",Razred 1.A | Predmet: Njemački jezik u turizmu (NJEM1) | Nastavnik: Žaneta Štrbac Mišić | Učionica: 1.A | Sat: 5,Off
Sat razredne zajednice (Srz),2026-09-18,13:25,2026-09-18,14:10,False,"1.A – LINIGRA – privatna škola s pravom javnosti, Gjure Szaba 4, 10000 Zagreb",Razred 1.A | Predmet: Sat razredne zajednice (Srz) | Nastavnik: Ivana Brinc | Učionica: 1.A | Sat: 6,Off
Njemački jezik u turizmu (NJEM1),2026-09-21,08:45,2026-09-21,09:30,False,"1.A – LINIGRA – privatna škola s pravom javnosti, Gjure Szaba 4, 10000 Zagreb",Razred 1.A | Predmet: Njemački jezik u turizmu (NJEM1) | Nastavnik: Žaneta Štrbac Mišić | Učionica: 1.A | Sat: 1,Off
Engleski jezik struke 4 (EJS1),2026-09-21,09:35,2026-09-21,10:20,False,"1.A – LINIGRA – privatna škola s pravom javnosti, Gjure Szaba 4, 10000 Zagreb",Razred 1.A | Predmet: Engleski jezik struke 4 (EJS1) | Nastavnik: Lana Potočki | Učionica: 1.A | Sat: 2,Off
Matematika (MAT),2026-09-21,10:30,2026-09-21,11:15,False,"1.A – LINIGRA – privatna škola s pravom javnosti, Gjure Szaba 4, 10000 Zagreb",Razred 1.A | Predmet: Matematika (MAT) | Nastavnik: Marija Erić | Učionica: 1.A | Sat: 3,Off
Hrvatski jezik (HRV),2026-09-21,11:20,2026-09-21,12:05,False,"1.A – LINIGRA – privatna škola s pravom javnosti, Gjure Szaba 4, 10000 Zagreb",Razred 1.A | Predmet: Hrvatski jezik (HRV) | Nastavnik: Iva Rončević | Učionica: 1.A | Sat: 4,Off
Poslovni talijanski jezik u turizmu (TAL1),2026-09-21,12:35,2026-09-21,13:20,False,"1.A – LINIGRA – privatna škola s pravom javnosti, Gjure Szaba 4, 10000 Zagreb",Razred 1.A | Predmet: Poslovni talijanski jezik u turizmu (TAL1) | Nastavnik: Marina Šušić | Učionica: 1.A | Sat: 5,Off
Povijest (POV),2026-09-21,13:25,2026-09-21,14:10,False,"1.A – LINIGRA – privatna škola s pravom javnosti, Gjure Szaba 4, 10000 Zagreb",Razred 1.A | Predmet: Povijest (POV) | Nastavnik: Ivana Brinc | Učionica: 1.A | Sat: 6,Off
Matematika (MAT),2026-09-22,08:45,2026-09-22,09:30,False,"1.A – LINIGRA – privatna škola s pravom javnosti, Gjure Szaba 4, 10000 Zagreb",Razred 1.A | Predmet: Matematika (MAT) | Nastavnik: Marija Erić | Učionica: 1.A | Sat: 1,Off
Vjeronauk (VJE),2026-09-22,09:35,2026-09-22,10:20,False,"1.A – LINIGRA – privatna škola s pravom javnosti, Gjure Szaba 4, 10000 Zagreb",Razred 1.A | Predmet: Vjeronauk (VJE) | Nastavnik: Marina Bertić | Učionica: 1.A | Sat: 2,Off
Zaštita na radu u turizmu i ugostiteljstvu (ZNR),2026-09-22,10:30,2026-09-22,12:05,False,"1.A – LINIGRA – privatna škola s pravom javnosti, Gjure Szaba 4, 10000 Zagreb","Razred 1.A | Predmet: Zaštita na radu u turizmu i ugostiteljstvu (ZNR) | Nastavnik: Sandra Bučić Srdarev | Učionica: 1.A | Sat: 3, 4",Off
Ekologija u turizmu i ugostiteljstvu (ORT-1),2026-09-22,12:35,2026-09-22,13:20,False,"1.A – LINIGRA – privatna škola s pravom javnosti, Gjure Szaba 4, 10000 Zagreb",Razred 1.A | Predmet: Ekologija u turizmu i ugostiteljstvu (ORT-1) | Nastavnik: Trpimir-Frane Sulić | Učionica: 1.A | Sat: 5,Off
Engleski jezik (ENG),2026-09-22,13:25,2026-09-22,14:10,False,"1.A – LINIGRA – privatna škola s pravom javnosti, Gjure Szaba 4, 10000 Zagreb",Razred 1.A | Predmet: Engleski jezik (ENG) | Nastavnik: Ivana Marušić | Učionica: 1.A | Sat: 6,Off
Tjelesni (TZK),2026-09-22,14:20,2026-09-22,15:05,False,"Ter – LINIGRA – privatna škola s pravom javnosti, Gjure Szaba 4, 10000 Zagreb",Razred 1.A | Predmet: Tjelesni (TZK) | Nastavnik: Andrea Josić | Učionica: Ter | Sat: 7,Off
Ekologija u turizmu i ugostiteljstvu (ORT-1),2026-09-23,08:45,2026-09-23,10:20,False,"1.A – LINIGRA – privatna škola s pravom javnosti, Gjure Szaba 4, 10000 Zagreb","Razred 1.A | Predmet: Ekologija u turizmu i ugostiteljstvu (ORT-1) | Nastavnik: Trpimir-Frane Sulić | Učionica: 1.A | Sat: 1, 2",Off
Zaštita na radu u turizmu i ugostiteljstvu (ZNR),2026-09-23,10:30,2026-09-23,12:05,False,"1.A – LINIGRA – privatna škola s pravom javnosti, Gjure Szaba 4, 10000 Zagreb","Razred 1.A | Predmet: Zaštita na radu u turizmu i ugostiteljstvu (ZNR) | Nastavnik: Sandra Bučić Srdarev | Učionica: 1.A | Sat: 3, 4",Off
Engleski jezik struke 4 (EJS1),2026-09-23,12:35,2026-09-23,13:20,False,"1.A – LINIGRA – privatna škola s pravom javnosti, Gjure Szaba 4, 10000 Zagreb",Razred 1.A | Predmet: Engleski jezik struke 4 (EJS1) | Nastavnik: Lana Potočki | Učionica: 1.A | Sat: 5,Off
Matematika (MAT),2026-09-23,13:25,2026-09-23,14:10,False,"1.A – LINIGRA – privatna škola s pravom javnosti, Gjure Szaba 4, 10000 Zagreb",Razred 1.A | Predmet: Matematika (MAT) | Nastavnik: Marija Erić | Učionica: 1.A | Sat: 6,Off
Hrvatski jezik (HRV),2026-09-23,14:20,2026-09-23,15:05,False,"1.A – LINIGRA – privatna škola s pravom javnosti, Gjure Szaba 4, 10000 Zagreb",Razred 1.A | Predmet: Hrvatski jezik (HRV) | Nastavnik: Iva Rončević | Učionica: 1.A | Sat: 7,Off
Matematika (MAT),2026-09-24,08:45,2026-09-24,09:30,False,"1.A – LINIGRA – privatna škola s pravom javnosti, Gjure Szaba 4, 10000 Zagreb",Razred 1.A | Predmet: Matematika (MAT) | Nastavnik: Marija Erić | Učionica: 1.A | Sat: 1,Off
Engleski jezik struke 4 (EJS1),2026-09-24,09:35,2026-09-24,10:20,False,"1.A – LINIGRA – privatna škola s pravom javnosti, Gjure Szaba 4, 10000 Zagreb",Razred 1.A | Predmet: Engleski jezik struke 4 (EJS1) | Nastavnik: Lana Potočki | Učionica: 1.A | Sat: 2,Off
Poslovni talijanski jezik u turizmu (TAL1),2026-09-24,10:30,2026-09-24,11:15,False,"1.A – LINIGRA – privatna škola s pravom javnosti, Gjure Szaba 4, 10000 Zagreb",Razred 1.A | Predmet: Poslovni talijanski jezik u turizmu (TAL1) | Nastavnik: Marina Šušić | Učionica: 1.A | Sat: 3,Off
Ekologija u turizmu i ugostiteljstvu (ORT-1),2026-09-24,11:20,2026-09-24,12:05,False,"1.A – LINIGRA – privatna škola s pravom javnosti, Gjure Szaba 4, 10000 Zagreb",Razred 1.A | Predmet: Ekologija u turizmu i ugostiteljstvu (ORT-1) | Nastavnik: Trpimir-Frane Sulić | Učionica: 1.A | Sat: 4,Off
Ekologija u turizmu i ugostiteljstvu (ORT-1),2026-09-24,12:35,2026-09-24,13:20,False,"1.A – LINIGRA – privatna škola s pravom javnosti, Gjure Szaba 4, 10000 Zagreb",Razred 1.A | Predmet: Ekologija u turizmu i ugostiteljstvu (ORT-1) | Nastavnik: Trpimir-Frane Sulić | Učionica: 1.A | Sat: 5,Off
Njemački jezik u turizmu (NJEM1),2026-09-24,13:25,2026-09-24,14:10,False,"1.A – LINIGRA – privatna škola s pravom javnosti, Gjure Szaba 4, 10000 Zagreb",Razred 1.A | Predmet: Njemački jezik u turizmu (NJEM1) | Nastavnik: Žaneta Štrbac Mišić | Učionica: 1.A | Sat: 6,Off
Hrvatski jezik (HRV),2026-09-24,14:20,2026-09-24,15:05,False,"1.A – LINIGRA – privatna škola s pravom javnosti, Gjure Szaba 4, 10000 Zagreb",Razred 1.A | Predmet: Hrvatski jezik (HRV) | Nastavnik: Iva Rončević | Učionica: 1.A | Sat: 7,Off
Zaštita na radu u turizmu i ugostiteljstvu (ZNR),2026-09-25,08:45,2026-09-25,10:20,False,"1.A – LINIGRA – privatna škola s pravom javnosti, Gjure Szaba 4, 10000 Zagreb","Razred 1.A | Predmet: Zaštita na radu u turizmu i ugostiteljstvu (ZNR) | Nastavnik: Sandra Bučić Srdarev | Učionica: 1.A | Sat: 1, 2",Off
Engleski jezik (ENG),2026-09-25,10:30,2026-09-25,11:15,False,"1.A – LINIGRA – privatna škola s pravom javnosti, Gjure Szaba 4, 10000 Zagreb",Razred 1.A | Predmet: Engleski jezik (ENG) | Nastavnik: Ivana Marušić | Učionica: 1.A | Sat: 3,Off
Hrvatski jezik (HRV),2026-09-25,11:20,2026-09-25,12:05,False,"1.A – LINIGRA – privatna škola s pravom javnosti, Gjure Szaba 4, 10000 Zagreb",Razred 1.A | Predmet: Hrvatski jezik (HRV) | Nastavnik: Iva Rončević | Učionica: 1.A | Sat: 4,Off
Njemački jezik u turizmu (NJEM1),2026-09-25,12:35,2026-09-25,13:20,False,"1.A – LINIGRA – privatna škola s pravom javnosti, Gjure Szaba 4, 10000 Zagreb",Razred 1.A | Predmet: Njemački jezik u turizmu (NJEM1) | Nastavnik: Žaneta Štrbac Mišić | Učionica: 1.A | Sat: 5,Off
Sat razredne zajednice (Srz),2026-09-25,13:25,2026-09-25,14:10,False,"1.A – LINIGRA – privatna škola s pravom javnosti, Gjure Szaba 4, 10000 Zagreb",Razred 1.A | Predmet: Sat razredne zajednice (Srz) | Nastavnik: Ivana Brinc | Učionica: 1.A | Sat: 6,Off
Njemački jezik u turizmu (NJEM1),2026-09-28,08:45,2026-09-28,09:30,False,"1.A – LINIGRA – privatna škola s pravom javnosti, Gjure Szaba 4, 10000 Zagreb",Razred 1.A | Predmet: Njemački jezik u turizmu (NJEM1) | Nastavnik: Žaneta Štrbac Mišić | Učionica: 1.A | Sat: 1,Off
Engleski jezik struke 4 (EJS1),2026-09-28,09:35,2026-09-28,10:20,False,"1.A – LINIGRA – privatna škola s pravom javnosti, Gjure Szaba 4, 10000 Zagreb",Razred 1.A | Predmet: Engleski jezik struke 4 (EJS1) | Nastavnik: Lana Potočki | Učionica: 1.A | Sat: 2,Off
Matematika (MAT),2026-09-28,10:30,2026-09-28,11:15,False,"1.A – LINIGRA – privatna škola s pravom javnosti, Gjure Szaba 4, 10000 Zagreb",Razred 1.A | Predmet: Matematika (MAT) | Nastavnik: Marija Erić | Učionica: 1.A | Sat: 3,Off
Hrvatski jezik (HRV),2026-09-28,11:20,2026-09-28,12:05,False,"1.A – LINIGRA – privatna škola s pravom javnosti, Gjure Szaba 4, 10000 Zagreb",Razred 1.A | Predmet: Hrvatski jezik (HRV) | Nastavnik: Iva Rončević | Učionica: 1.A | Sat: 4,Off
Poslovni talijanski jezik u turizmu (TAL1),2026-09-28,12:35,2026-09-28,13:20,False,"1.A – LINIGRA – privatna škola s pravom javnosti, Gjure Szaba 4, 10000 Zagreb",Razred 1.A | Predmet: Poslovni talijanski jezik u turizmu (TAL1) | Nastavnik: Marina Šušić | Učionica: 1.A | Sat: 5,Off
Povijest (POV),2026-09-28,13:25,2026-09-28,14:10,False,"1.A – LINIGRA – privatna škola s pravom javnosti, Gjure Szaba 4, 10000 Zagreb",Razred 1.A | Predmet: Povijest (POV) | Nastavnik: Ivana Brinc | Učionica: 1.A | Sat: 6,Off
Matematika (MAT),2026-09-29,08:45,2026-09-29,09:30,False,"1.A – LINIGRA – privatna škola s pravom javnosti, Gjure Szaba 4, 10000 Zagreb",Razred 1.A | Predmet: Matematika (MAT) | Nastavnik: Marija Erić | Učionica: 1.A | Sat: 1,Off
Vjeronauk (VJE),2026-09-29,09:35,2026-09-29,10:20,False,"1.A – LINIGRA – privatna škola s pravom javnosti, Gjure Szaba 4, 10000 Zagreb",Razred 1.A | Predmet: Vjeronauk (VJE) | Nastavnik: Marina Bertić | Učionica: 1.A | Sat: 2,Off
Zaštita na radu u turizmu i ugostiteljstvu (ZNR),2026-09-29,10:30,2026-09-29,12:05,False,"1.A – LINIGRA – privatna škola s pravom javnosti, Gjure Szaba 4, 10000 Zagreb","Razred 1.A | Predmet: Zaštita na radu u turizmu i ugostiteljstvu (ZNR) | Nastavnik: Sandra Bučić Srdarev | Učionica: 1.A | Sat: 3, 4",Off
Ekologija u turizmu i ugostiteljstvu (ORT-1),2026-09-29,12:35,2026-09-29,13:20,False,"1.A – LINIGRA – privatna škola s pravom javnosti, Gjure Szaba 4, 10000 Zagreb",Razred 1.A | Predmet: Ekologija u turizmu i ugostiteljstvu (ORT-1) | Nastavnik: Trpimir-Frane Sulić | Učionica: 1.A | Sat: 5,Off
Engleski jezik (ENG),2026-09-29,13:25,2026-09-29,14:10,False,"1.A – LINIGRA – privatna škola s pravom javnosti, Gjure Szaba 4, 10000 Zagreb",Razred 1.A | Predmet: Engleski jezik (ENG) | Nastavnik: Ivana Marušić | Učionica: 1.A | Sat: 6,Off
Tjelesni (TZK),2026-09-29,14:20,2026-09-29,15:05,False,"Ter – LINIGRA – privatna škola s pravom javnosti, Gjure Szaba 4, 10000 Zagreb",Razred 1.A | Predmet: Tjelesni (TZK) | Nastavnik: Andrea Josić | Učionica: Ter | Sat: 7,Off
Ekologija u turizmu i ugostiteljstvu (ORT-1),2026-09-30,08:45,2026-09-30,10:20,False,"1.A – LINIGRA – privatna škola s pravom javnosti, Gjure Szaba 4, 10000 Zagreb","Razred 1.A | Predmet: Ekologija u turizmu i ugostiteljstvu (ORT-1) | Nastavnik: Trpimir-Frane Sulić | Učionica: 1.A | Sat: 1, 2",Off
Zaštita na radu u turizmu i ugostiteljstvu (ZNR),2026-09-30,10:30,2026-09-30,12:05,False,"1.A – LINIGRA – privatna škola s pravom javnosti, Gjure Szaba 4, 10000 Zagreb","Razred 1.A | Predmet: Zaštita na radu u turizmu i ugostiteljstvu (ZNR) | Nastavnik: Sandra Bučić Srdarev | Učionica: 1.A | Sat: 3, 4",Off
Engleski jezik struke 4 (EJS1),2026-09-30,12:35,2026-09-30,13:20,False,"1.A – LINIGRA – privatna škola s pravom javnosti, Gjure Szaba 4, 10000 Zagreb",Razred 1.A | Predmet: Engleski jezik struke 4 (EJS1) | Nastavnik: Lana Potočki | Učionica: 1.A | Sat: 5,Off
Matematika (MAT),2026-09-30,13:25,2026-09-30,14:10,False,"1.A – LINIGRA – privatna škola s pravom javnosti, Gjure Szaba 4, 10000 Zagreb",Razred 1.A | Predmet: Matematika (MAT) | Nastavnik: Marija Erić | Učionica: 1.A | Sat: 6,Off
Hrvatski jezik (HRV),2026-09-30,14:20,2026-09-30,15:05,False,"1.A – LINIGRA – privatna škola s pravom javnosti, Gjure Szaba 4, 10000 Zagreb",Razred 1.A | Predmet: Hrvatski jezik (HRV) | Nastavnik: Iva Rončević | Učionica: 1.A | Sat: 7,Off
Matematika (MAT),2026-10-01,08:45,2026-10-01,09:30,False,"1.A – LINIGRA – privatna škola s pravom javnosti, Gjure Szaba 4, 10000 Zagreb",Razred 1.A | Predmet: Matematika (MAT) | Nastavnik: Marija Erić | Učionica: 1.A | Sat: 1,Off
Engleski jezik struke 4 (EJS1),2026-10-01,09:35,2026-10-01,10:20,False,"1.A – LINIGRA – privatna škola s pravom javnosti, Gjure Szaba 4, 10000 Zagreb",Razred 1.A | Predmet: Engleski jezik struke 4 (EJS1) | Nastavnik: Lana Potočki | Učionica: 1.A | Sat: 2,Off
Poslovni talijanski jezik u turizmu (TAL1),2026-10-01,10:30,2026-10-01,11:15,False,"1.A – LINIGRA – privatna škola s pravom javnosti, Gjure Szaba 4, 10000 Zagreb",Razred 1.A | Predmet: Poslovni talijanski jezik u turizmu (TAL1) | Nastavnik: Marina Šušić | Učionica: 1.A | Sat: 3,Off
Ekologija u turizmu i ugostiteljstvu (ORT-1),2026-10-01,11:20,2026-10-01,12:05,False,"1.A – LINIGRA – privatna škola s pravom javnosti, Gjure Szaba 4, 10000 Zagreb",Razred 1.A | Predmet: Ekologija u turizmu i ugostiteljstvu (ORT-1) | Nastavnik: Trpimir-Frane Sulić | Učionica: 1.A | Sat: 4,Off
Ekologija u turizmu i ugostiteljstvu (ORT-1),2026-10-01,12:35,2026-10-01,13:20,False,"1.A – LINIGRA – privatna škola s pravom javnosti, Gjure Szaba 4, 10000 Zagreb",Razred 1.A | Predmet: Ekologija u turizmu i ugostiteljstvu (ORT-1) | Nastavnik: Trpimir-Frane Sulić | Učionica: 1.A | Sat: 5,Off
Njemački jezik u turizmu (NJEM1),2026-10-01,13:25,2026-10-01,14:10,False,"1.A – LINIGRA – privatna škola s pravom javnosti, Gjure Szaba 4, 10000 Zagreb",Razred 1.A | Predmet: Njemački jezik u turizmu (NJEM1) | Nastavnik: Žaneta Štrbac Mišić | Učionica: 1.A | Sat: 6,Off
Hrvatski jezik (HRV),2026-10-01,14:20,2026-10-01,15:05,False,"1.A – LINIGRA – privatna škola s pravom javnosti, Gjure Szaba 4, 10000 Zagreb",Razred 1.A | Predmet: Hrvatski jezik (HRV) | Nastavnik: Iva Rončević | Učionica: 1.A | Sat: 7,Off
Zaštita na radu u turizmu i ugostiteljstvu (ZNR),2026-10-02,08:45,2026-10-02,10:20,False,"1.A – LINIGRA – privatna škola s pravom javnosti, Gjure Szaba 4, 10000 Zagreb","Razred 1.A | Predmet: Zaštita na radu u turizmu i ugostiteljstvu (ZNR) | Nastavnik: Sandra Bučić Srdarev | Učionica: 1.A | Sat: 1, 2",Off
Engleski jezik (ENG),2026-10-02,10:30,2026-10-02,11:15,False,"1.A – LINIGRA – privatna škola s pravom javnosti, Gjure Szaba 4, 10000 Zagreb",Razred 1.A | Predmet: Engleski jezik (ENG) | Nastavnik: Ivana Marušić | Učionica: 1.A | Sat: 3,Off
Hrvatski jezik (HRV),2026-10-02,11:20,2026-10-02,12:05,False,"1.A – LINIGRA – privatna škola s pravom javnosti, Gjure Szaba 4, 10000 Zagreb",Razred 1.A | Predmet: Hrvatski jezik (HRV) | Nastavnik: Iva Rončević | Učionica: 1.A | Sat: 4,Off
Njemački jezik u turizmu (NJEM1),2026-10-02,12:35,2026-10-02,13:20,False,"1.A – LINIGRA – privatna škola s pravom javnosti, Gjure Szaba 4, 10000 Zagreb",Razred 1.A | Predmet: Njemački jezik u turizmu (NJEM1) | Nastavnik: Žaneta Štrbac Mišić | Učionica: 1.A | Sat: 5,Off
Sat razredne zajednice (Srz),2026-10-02,13:25,2026-10-02,14:10,False,"1.A – LINIGRA – privatna škola s pravom javnosti, Gjure Szaba 4, 10000 Zagreb",Razred 1.A | Predmet: Sat razredne zajednice (Srz) | Nastavnik: Ivana Brinc | Učionica: 1.A | Sat: 6,Off
Njemački jezik u turizmu (NJEM1),2026-10-05,08:45,2026-10-05,09:30,False,"1.A – LINIGRA – privatna škola s pravom javnosti, Gjure Szaba 4, 10000 Zagreb",Razred 1.A | Predmet: Njemački jezik u turizmu (NJEM1) | Nastavnik: Žaneta Štrbac Mišić | Učionica: 1.A | Sat: 1,Off
Engleski jezik struke 4 (EJS1),2026-10-05,09:35,2026-10-05,10:20,False,"1.A – LINIGRA – privatna škola s pravom javnosti, Gjure Szaba 4, 10000 Zagreb",Razred 1.A | Predmet: Engleski jezik struke 4 (EJS1) | Nastavnik: Lana Potočki | Učionica: 1.A | Sat: 2,Off
Matematika (MAT),2026-10-05,10:30,2026-10-05,11:15,False,"1.A – LINIGRA – privatna škola s pravom javnosti, Gjure Szaba 4, 10000 Zagreb",Razred 1.A | Predmet: Matematika (MAT) | Nastavnik: Marija Erić | Učionica: 1.A | Sat: 3,Off
Hrvatski jezik (HRV),2026-10-05,11:20,2026-10-05,12:05,False,"1.A – LINIGRA – privatna škola s pravom javnosti, Gjure Szaba 4, 10000 Zagreb",Razred 1.A | Predmet: Hrvatski jezik (HRV) | Nastavnik: Iva Rončević | Učionica: 1.A | Sat: 4,Off
Poslovni talijanski jezik u turizmu (TAL1),2026-10-05,12:35,2026-10-05,13:20,False,"1.A – LINIGRA – privatna škola s pravom javnosti, Gjure Szaba 4, 10000 Zagreb",Razred 1.A | Predmet: Poslovni talijanski jezik u turizmu (TAL1) | Nastavnik: Marina Šušić | Učionica: 1.A | Sat: 5,Off
Povijest (POV),2026-10-05,13:25,2026-10-05,14:10,False,"1.A – LINIGRA – privatna škola s pravom javnosti, Gjure Szaba 4, 10000 Zagreb",Razred 1.A | Predmet: Povijest (POV) | Nastavnik: Ivana Brinc | Učionica: 1.A | Sat: 6,Off
Matematika (MAT),2026-10-06,08:45,2026-10-06,09:30,False,"1.A – LINIGRA – privatna škola s pravom javnosti, Gjure Szaba 4, 10000 Zagreb",Razred 1.A | Predmet: Matematika (MAT) | Nastavnik: Marija Erić | Učionica: 1.A | Sat: 1,Off
Vjeronauk (VJE),2026-10-06,09:35,2026-10-06,10:20,False,"1.A – LINIGRA – privatna škola s pravom javnosti, Gjure Szaba 4, 10000 Zagreb",Razred 1.A | Predmet: Vjeronauk (VJE) | Nastavnik: Marina Bertić | Učionica: 1.A | Sat: 2,Off
Zaštita na radu u turizmu i ugostiteljstvu (ZNR),2026-10-06,10:30,2026-10-06,12:05,False,"1.A – LINIGRA – privatna škola s pravom javnosti, Gjure Szaba 4, 10000 Zagreb","Razred 1.A | Predmet: Zaštita na radu u turizmu i ugostiteljstvu (ZNR) | Nastavnik: Sandra Bučić Srdarev | Učionica: 1.A | Sat: 3, 4",Off
Ekologija u turizmu i ugostiteljstvu (ORT-1),2026-10-06,12:35,2026-10-06,13:20,False,"1.A – LINIGRA – privatna škola s pravom javnosti, Gjure Szaba 4, 10000 Zagreb",Razred 1.A | Predmet: Ekologija u turizmu i ugostiteljstvu (ORT-1) | Nastavnik: Trpimir-Frane Sulić | Učionica: 1.A | Sat: 5,Off
Engleski jezik (ENG),2026-10-06,13:25,2026-10-06,14:10,False,"1.A – LINIGRA – privatna škola s pravom javnosti, Gjure Szaba 4, 10000 Zagreb",Razred 1.A | Predmet: Engleski jezik (ENG) | Nastavnik: Ivana Marušić | Učionica: 1.A | Sat: 6,Off
Tjelesni (TZK),2026-10-06,14:20,2026-10-06,15:05,False,"Ter – LINIGRA – privatna škola s pravom javnosti, Gjure Szaba 4, 10000 Zagreb",Razred 1.A | Predmet: Tjelesni (TZK) | Nastavnik: Andrea Josić | Učionica: Ter | Sat: 7,Off
Ekologija u turizmu i ugostiteljstvu (ORT-1),2026-10-07,08:45,2026-10-07,10:20,False,"1.A – LINIGRA – privatna škola s pravom javnosti, Gjure Szaba 4, 10000 Zagreb","Razred 1.A | Predmet: Ekologija u turizmu i ugostiteljstvu (ORT-1) | Nastavnik: Trpimir-Frane Sulić | Učionica: 1.A | Sat: 1, 2",Off
Zaštita na radu u turizmu i ugostiteljstvu (ZNR),2026-10-07,10:30,2026-10-07,12:05,False,"1.A – LINIGRA – privatna škola s pravom javnosti, Gjure Szaba 4, 10000 Zagreb","Razred 1.A | Predmet: Zaštita na radu u turizmu i ugostiteljstvu (ZNR) | Nastavnik: Sandra Bučić Srdarev | Učionica: 1.A | Sat: 3, 4",Off
Engleski jezik struke 4 (EJS1),2026-10-07,12:35,2026-10-07,13:20,False,"1.A – LINIGRA – privatna škola s pravom javnosti, Gjure Szaba 4, 10000 Zagreb",Razred 1.A | Predmet: Engleski jezik struke 4 (EJS1) | Nastavnik: Lana Potočki | Učionica: 1.A | Sat: 5,Off
Matematika (MAT),2026-10-07,13:25,2026-10-07,14:10,False,"1.A – LINIGRA – privatna škola s pravom javnosti, Gjure Szaba 4, 10000 Zagreb",Razred 1.A | Predmet: Matematika (MAT) | Nastavnik: Marija Erić | Učionica: 1.A | Sat: 6,Off
Hrvatski jezik (HRV),2026-10-07,14:20,2026-10-07,15:05,False,"1.A – LINIGRA – privatna škola s pravom javnosti, Gjure Szaba 4, 10000 Zagreb",Razred 1.A | Predmet: Hrvatski jezik (HRV) | Nastavnik: Iva Rončević | Učionica: 1.A | Sat: 7,Off
Matematika (MAT),2026-10-08,08:45,2026-10-08,09:30,False,"1.A – LINIGRA – privatna škola s pravom javnosti, Gjure Szaba 4, 10000 Zagreb",Razred 1.A | Predmet: Matematika (MAT) | Nastavnik: Marija Erić | Učionica: 1.A | Sat: 1,Off
Engleski jezik struke 4 (EJS1),2026-10-08,09:35,2026-10-08,10:20,False,"1.A – LINIGRA – privatna škola s pravom javnosti, Gjure Szaba 4, 10000 Zagreb",Razred 1.A | Predmet: Engleski jezik struke 4 (EJS1) | Nastavnik: Lana Potočki | Učionica: 1.A | Sat: 2,Off
Poslovni talijanski jezik u turizmu (TAL1),2026-10-08,10:30,2026-10-08,11:15,False,"1.A – LINIGRA – privatna škola s pravom javnosti, Gjure Szaba 4, 10000 Zagreb",Razred 1.A | Predmet: Poslovni talijanski jezik u turizmu (TAL1) | Nastavnik: Marina Šušić | Učionica: 1.A | Sat: 3,Off
Ekologija u turizmu i ugostiteljstvu (ORT-1),2026-10-08,11:20,2026-10-08,12:05,False,"1.A – LINIGRA – privatna škola s pravom javnosti, Gjure Szaba 4, 10000 Zagreb",Razred 1.A | Predmet: Ekologija u turizmu i ugostiteljstvu (ORT-1) | Nastavnik: Trpimir-Frane Sulić | Učionica: 1.A | Sat: 4,Off
Ekologija u turizmu i ugostiteljstvu (ORT-1),2026-10-08,12:35,2026-10-08,13:20,False,"1.A – LINIGRA – privatna škola s pravom javnosti, Gjure Szaba 4, 10000 Zagreb",Razred 1.A | Predmet: Ekologija u turizmu i ugostiteljstvu (ORT-1) | Nastavnik: Trpimir-Frane Sulić | Učionica: 1.A | Sat: 5,Off
Njemački jezik u turizmu (NJEM1),2026-10-08,13:25,2026-10-08,14:10,False,"1.A – LINIGRA – privatna škola s pravom javnosti, Gjure Szaba 4, 10000 Zagreb",Razred 1.A | Predmet: Njemački jezik u turizmu (NJEM1) | Nastavnik: Žaneta Štrbac Mišić | Učionica: 1.A | Sat: 6,Off
Hrvatski jezik (HRV),2026-10-08,14:20,2026-10-08,15:05,False,"1.A – LINIGRA – privatna škola s pravom javnosti, Gjure Szaba 4, 10000 Zagreb",Razred 1.A | Predmet: Hrvatski jezik (HRV) | Nastavnik: Iva Rončević | Učionica: 1.A | Sat: 7,Off
Zaštita na radu u turizmu i ugostiteljstvu (ZNR),2026-10-09,08:45,2026-10-09,10:20,False,"1.A – LINIGRA – privatna škola s pravom javnosti, Gjure Szaba 4, 10000 Zagreb","Razred 1.A | Predmet: Zaštita na radu u turizmu i ugostiteljstvu (ZNR) | Nastavnik: Sandra Bučić Srdarev | Učionica: 1.A | Sat: 1, 2",Off
Engleski jezik (ENG),2026-10-09,10:30,2026-10-09,11:15,False,"1.A – LINIGRA – privatna škola s pravom javnosti, Gjure Szaba 4, 10000 Zagreb",Razred 1.A | Predmet: Engleski jezik (ENG) | Nastavnik: Ivana Marušić | Učionica: 1.A | Sat: 3,Off
Hrvatski jezik (HRV),2026-10-09,11:20,2026-10-09,12:05,False,"1.A – LINIGRA – privatna škola s pravom javnosti, Gjure Szaba 4, 10000 Zagreb",Razred 1.A | Predmet: Hrvatski jezik (HRV) | Nastavnik: Iva Rončević | Učionica: 1.A | Sat: 4,Off
Njemački jezik u turizmu (NJEM1),2026-10-09,12:35,2026-10-09,13:20,False,"1.A – LINIGRA – privatna škola s pravom javnosti, Gjure Szaba 4, 10000 Zagreb",Razred 1.A | Predmet: Njemački jezik u turizmu (NJEM1) | Nastavnik: Žaneta Štrbac Mišić | Učionica: 1.A | Sat: 5,Off
Sat razredne zajednice (Srz),2026-10-09,13:25,2026-10-09,14:10,False,"1.A – LINIGRA – privatna škola s pravom javnosti, Gjure Szaba 4, 10000 Zagreb",Razred 1.A | Predmet: Sat razredne zajednice (Srz) | Nastavnik: Ivana Brinc | Učionica: 1.A | Sat: 6,Off
Njemački jezik u turizmu (NJEM1),2026-10-12,08:45,2026-10-12,09:30,False,"1.A – LINIGRA – privatna škola s pravom javnosti, Gjure Szaba 4, 10000 Zagreb",Razred 1.A | Predmet: Njemački jezik u turizmu (NJEM1) | Nastavnik: Žaneta Štrbac Mišić | Učionica: 1.A | Sat: 1,Off
Engleski jezik struke 4 (EJS1),2026-10-12,09:35,2026-10-12,10:20,False,"1.A – LINIGRA – privatna škola s pravom javnosti, Gjure Szaba 4, 10000 Zagreb",Razred 1.A | Predmet: Engleski jezik struke 4 (EJS1) | Nastavnik: Lana Potočki | Učionica: 1.A | Sat: 2,Off
Matematika (MAT),2026-10-12,10:30,2026-10-12,11:15,False,"1.A – LINIGRA – privatna škola s pravom javnosti, Gjure Szaba 4, 10000 Zagreb",Razred 1.A | Predmet: Matematika (MAT) | Nastavnik: Marija Erić | Učionica: 1.A | Sat: 3,Off
Hrvatski jezik (HRV),2026-10-12,11:20,2026-10-12,12:05,False,"1.A – LINIGRA – privatna škola s pravom javnosti, Gjure Szaba 4, 10000 Zagreb",Razred 1.A | Predmet: Hrvatski jezik (HRV) | Nastavnik: Iva Rončević | Učionica: 1.A | Sat: 4,Off
Poslovni talijanski jezik u turizmu (TAL1),2026-10-12,12:35,2026-10-12,13:20,False,"1.A – LINIGRA – privatna škola s pravom javnosti, Gjure Szaba 4, 10000 Zagreb",Razred 1.A | Predmet: Poslovni talijanski jezik u turizmu (TAL1) | Nastavnik: Marina Šušić | Učionica: 1.A | Sat: 5,Off
Povijest (POV),2026-10-12,13:25,2026-10-12,14:10,False,"1.A – LINIGRA – privatna škola s pravom javnosti, Gjure Szaba 4, 10000 Zagreb",Razred 1.A | Predmet: Povijest (POV) | Nastavnik: Ivana Brinc | Učionica: 1.A | Sat: 6,Off
Matematika (MAT),2026-10-13,08:45,2026-10-13,09:30,False,"1.A – LINIGRA – privatna škola s pravom javnosti, Gjure Szaba 4, 10000 Zagreb",Razred 1.A | Predmet: Matematika (MAT) | Nastavnik: Marija Erić | Učionica: 1.A | Sat: 1,Off
Vjeronauk (VJE),2026-10-13,09:35,2026-10-13,10:20,False,"1.A – LINIGRA – privatna škola s pravom javnosti, Gjure Szaba 4, 10000 Zagreb",Razred 1.A | Predmet: Vjeronauk (VJE) | Nastavnik: Marina Bertić | Učionica: 1.A | Sat: 2,Off
Zaštita na radu u turizmu i ugostiteljstvu (ZNR),2026-10-13,10:30,2026-10-13,12:05,False,"1.A – LINIGRA – privatna škola s pravom javnosti, Gjure Szaba 4, 10000 Zagreb","Razred 1.A | Predmet: Zaštita na radu u turizmu i ugostiteljstvu (ZNR) | Nastavnik: Sandra Bučić Srdarev | Učionica: 1.A | Sat: 3, 4",Off
Ekologija u turizmu i ugostiteljstvu (ORT-1),2026-10-13,12:35,2026-10-13,13:20,False,"1.A – LINIGRA – privatna škola s pravom javnosti, Gjure Szaba 4, 10000 Zagreb",Razred 1.A | Predmet: Ekologija u turizmu i ugostiteljstvu (ORT-1) | Nastavnik: Trpimir-Frane Sulić | Učionica: 1.A | Sat: 5,Off
Engleski jezik (ENG),2026-10-13,13:25,2026-10-13,14:10,False,"1.A – LINIGRA – privatna škola s pravom javnosti, Gjure Szaba 4, 10000 Zagreb",Razred 1.A | Predmet: Engleski jezik (ENG) | Nastavnik: Ivana Marušić | Učionica: 1.A | Sat: 6,Off
Tjelesni (TZK),2026-10-13,14:20,2026-10-13,15:05,False,"Ter – LINIGRA – privatna škola s pravom javnosti, Gjure Szaba 4, 10000 Zagreb",Razred 1.A | Predmet: Tjelesni (TZK) | Nastavnik: Andrea Josić | Učionica: Ter | Sat: 7,Off
Ekologija u turizmu i ugostiteljstvu (ORT-1),2026-10-14,08:45,2026-10-14,10:20,False,"1.A – LINIGRA – privatna škola s pravom javnosti, Gjure Szaba 4, 10000 Zagreb","Razred 1.A | Predmet: Ekologija u turizmu i ugostiteljstvu (ORT-1) | Nastavnik: Trpimir-Frane Sulić | Učionica: 1.A | Sat: 1, 2",Off
Zaštita na radu u turizmu i ugostiteljstvu (ZNR),2026-10-14,10:30,2026-10-14,12:05,False,"1.A – LINIGRA – privatna škola s pravom javnosti, Gjure Szaba 4, 10000 Zagreb","Razred 1.A | Predmet: Zaštita na radu u turizmu i ugostiteljstvu (ZNR) | Nastavnik: Sandra Bučić Srdarev | Učionica: 1.A | Sat: 3, 4",Off
Engleski jezik struke 4 (EJS1),2026-10-14,12:35,2026-10-14,13:20,False,"1.A – LINIGRA – privatna škola s pravom javnosti, Gjure Szaba 4, 10000 Zagreb",Razred 1.A | Predmet: Engleski jezik struke 4 (EJS1) | Nastavnik: Lana Potočki | Učionica: 1.A | Sat: 5,Off
Matematika (MAT),2026-10-14,13:25,2026-10-14,14:10,False,"1.A – LINIGRA – privatna škola s pravom javnosti, Gjure Szaba 4, 10000 Zagreb",Razred 1.A | Predmet: Matematika (MAT) | Nastavnik: Marija Erić | Učionica: 1.A | Sat: 6,Off
Hrvatski jezik (HRV),2026-10-14,14:20,2026-10-14,15:05,False,"1.A – LINIGRA – privatna škola s pravom javnosti, Gjure Szaba 4, 10000 Zagreb",Razred 1.A | Predmet: Hrvatski jezik (HRV) | Nastavnik: Iva Rončević | Učionica: 1.A | Sat: 7,Off
Matematika (MAT),2026-10-15,08:45,2026-10-15,09:30,False,"1.A – LINIGRA – privatna škola s pravom javnosti, Gjure Szaba 4, 10000 Zagreb",Razred 1.A | Predmet: Matematika (MAT) | Nastavnik: Marija Erić | Učionica: 1.A | Sat: 1,Off
Engleski jezik struke 4 (EJS1),2026-10-15,09:35,2026-10-15,10:20,False,"1.A – LINIGRA – privatna škola s pravom javnosti, Gjure Szaba 4, 10000 Zagreb",Razred 1.A | Predmet: Engleski jezik struke 4 (EJS1) | Nastavnik: Lana Potočki | Učionica: 1.A | Sat: 2,Off
Poslovni talijanski jezik u turizmu (TAL1),2026-10-15,10:30,2026-10-15,11:15,False,"1.A – LINIGRA – privatna škola s pravom javnosti, Gjure Szaba 4, 10000 Zagreb",Razred 1.A | Predmet: Poslovni talijanski jezik u turizmu (TAL1) | Nastavnik: Marina Šušić | Učionica: 1.A | Sat: 3,Off
Ekologija u turizmu i ugostiteljstvu (ORT-1),2026-10-15,11:20,2026-10-15,12:05,False,"1.A – LINIGRA – privatna škola s pravom javnosti, Gjure Szaba 4, 10000 Zagreb",Razred 1.A | Predmet: Ekologija u turizmu i ugostiteljstvu (ORT-1) | Nastavnik: Trpimir-Frane Sulić | Učionica: 1.A | Sat: 4,Off
Ekologija u turizmu i ugostiteljstvu (ORT-1),2026-10-15,12:35,2026-10-15,13:20,False,"1.A – LINIGRA – privatna škola s pravom javnosti, Gjure Szaba 4, 10000 Zagreb",Razred 1.A | Predmet: Ekologija u turizmu i ugostiteljstvu (ORT-1) | Nastavnik: Trpimir-Frane Sulić | Učionica: 1.A | Sat: 5,Off
Njemački jezik u turizmu (NJEM1),2026-10-15,13:25,2026-10-15,14:10,False,"1.A – LINIGRA – privatna škola s pravom javnosti, Gjure Szaba 4, 10000 Zagreb",Razred 1.A | Predmet: Njemački jezik u turizmu (NJEM1) | Nastavnik: Žaneta Štrbac Mišić | Učionica: 1.A | Sat: 6,Off
Hrvatski jezik (HRV),2026-10-15,14:20,2026-10-15,15:05,False,"1.A – LINIGRA – privatna škola s pravom javnosti, Gjure Szaba 4, 10000 Zagreb",Razred 1.A | Predmet: Hrvatski jezik (HRV) | Nastavnik: Iva Rončević | Učionica: 1.A | Sat: 7,Off
Zaštita na radu u turizmu i ugostiteljstvu (ZNR),2026-10-16,08:45,2026-10-16,10:20,False,"1.A – LINIGRA – privatna škola s pravom javnosti, Gjure Szaba 4, 10000 Zagreb","Razred 1.A | Predmet: Zaštita na radu u turizmu i ugostiteljstvu (ZNR) | Nastavnik: Sandra Bučić Srdarev | Učionica: 1.A | Sat: 1, 2",Off
Engleski jezik (ENG),2026-10-16,10:30,2026-10-16,11:15,False,"1.A – LINIGRA – privatna škola s pravom javnosti, Gjure Szaba 4, 10000 Zagreb",Razred 1.A | Predmet: Engleski jezik (ENG) | Nastavnik: Ivana Marušić | Učionica: 1.A | Sat: 3,Off
Hrvatski jezik (HRV),2026-10-16,11:20,2026-10-16,12:05,False,"1.A – LINIGRA – privatna škola s pravom javnosti, Gjure Szaba 4, 10000 Zagreb",Razred 1.A | Predmet: Hrvatski jezik (HRV) | Nastavnik: Iva Rončević | Učionica: 1.A | Sat: 4,Off
Njemački jezik u turizmu (NJEM1),2026-10-16,12:35,2026-10-16,13:20,False,"1.A – LINIGRA – privatna škola s pravom javnosti, Gjure Szaba 4, 10000 Zagreb",Razred 1.A | Predmet: Njemački jezik u turizmu (NJEM1) | Nastavnik: Žaneta Štrbac Mišić | Učionica: 1.A | Sat: 5,Off
Sat razredne zajednice (Srz),2026-10-16,13:25,2026-10-16,14:10,False,"1.A – LINIGRA – privatna škola s pravom javnosti, Gjure Szaba 4, 10000 Zagreb",Razred 1.A | Predmet: Sat razredne zajednice (Srz) | Nastavnik: Ivana Brinc | Učionica: 1.A | Sat: 6,Off
Njemački jezik u turizmu (NJEM1),2026-10-19,08:45,2026-10-19,09:30,False,"1.A – LINIGRA – privatna škola s pravom javnosti, Gjure Szaba 4, 10000 Zagreb",Razred 1.A | Predmet: Njemački jezik u turizmu (NJEM1) | Nastavnik: Žaneta Štrbac Mišić | Učionica: 1.A | Sat: 1,Off
Engleski jezik struke 4 (EJS1),2026-10-19,09:35,2026-10-19,10:20,False,"1.A – LINIGRA – privatna škola s pravom javnosti, Gjure Szaba 4, 10000 Zagreb",Razred 1.A | Predmet: Engleski jezik struke 4 (EJS1) | Nastavnik: Lana Potočki | Učionica: 1.A | Sat: 2,Off
Matematika (MAT),2026-10-19,10:30,2026-10-19,11:15,False,"1.A – LINIGRA – privatna škola s pravom javnosti, Gjure Szaba 4, 10000 Zagreb",Razred 1.A | Predmet: Matematika (MAT) | Nastavnik: Marija Erić | Učionica: 1.A | Sat: 3,Off
Hrvatski jezik (HRV),2026-10-19,11:20,2026-10-19,12:05,False,"1.A – LINIGRA – privatna škola s pravom javnosti, Gjure Szaba 4, 10000 Zagreb",Razred 1.A | Predmet: Hrvatski jezik (HRV) | Nastavnik: Iva Rončević | Učionica: 1.A | Sat: 4,Off
Poslovni talijanski jezik u turizmu (TAL1),2026-10-19,12:35,2026-10-19,13:20,False,"1.A – LINIGRA – privatna škola s pravom javnosti, Gjure Szaba 4, 10000 Zagreb",Razred 1.A | Predmet: Poslovni talijanski jezik u turizmu (TAL1) | Nastavnik: Marina Šušić | Učionica: 1.A | Sat: 5,Off
Povijest (POV),2026-10-19,13:25,2026-10-19,14:10,False,"1.A – LINIGRA – privatna škola s pravom javnosti, Gjure Szaba 4, 10000 Zagreb",Razred 1.A | Predmet: Povijest (POV) | Nastavnik: Ivana Brinc | Učionica: 1.A | Sat: 6,Off
Matematika (MAT),2026-10-20,08:45,2026-10-20,09:30,False,"1.A – LINIGRA – privatna škola s pravom javnosti, Gjure Szaba 4, 10000 Zagreb",Razred 1.A | Predmet: Matematika (MAT) | Nastavnik: Marija Erić | Učionica: 1.A | Sat: 1,Off
Vjeronauk (VJE),2026-10-20,09:35,2026-10-20,10:20,False,"1.A – LINIGRA – privatna škola s pravom javnosti, Gjure Szaba 4, 10000 Zagreb",Razred 1.A | Predmet: Vjeronauk (VJE) | Nastavnik: Marina Bertić | Učionica: 1.A | Sat: 2,Off
Zaštita na radu u turizmu i ugostiteljstvu (ZNR),2026-10-20,10:30,2026-10-20,12:05,False,"1.A – LINIGRA – privatna škola s pravom javnosti, Gjure Szaba 4, 10000 Zagreb","Razred 1.A | Predmet: Zaštita na radu u turizmu i ugostiteljstvu (ZNR) | Nastavnik: Sandra Bučić Srdarev | Učionica: 1.A | Sat: 3, 4",Off
Ekologija u turizmu i ugostiteljstvu (ORT-1),2026-10-20,12:35,2026-10-20,13:20,False,"1.A – LINIGRA – privatna škola s pravom javnosti, Gjure Szaba 4, 10000 Zagreb",Razred 1.A | Predmet: Ekologija u turizmu i ugostiteljstvu (ORT-1) | Nastavnik: Trpimir-Frane Sulić | Učionica: 1.A | Sat: 5,Off
Engleski jezik (ENG),2026-10-20,13:25,2026-10-20,14:10,False,"1.A – LINIGRA – privatna škola s pravom javnosti, Gjure Szaba 4, 10000 Zagreb",Razred 1.A | Predmet: Engleski jezik (ENG) | Nastavnik: Ivana Marušić | Učionica: 1.A | Sat: 6,Off
Tjelesni (TZK),2026-10-20,14:20,2026-10-20,15:05,False,"Ter – LINIGRA – privatna škola s pravom javnosti, Gjure Szaba 4, 10000 Zagreb",Razred 1.A | Predmet: Tjelesni (TZK) | Nastavnik: Andrea Josić | Učionica: Ter | Sat: 7,Off
Ekologija u turizmu i ugostiteljstvu (ORT-1),2026-10-21,08:45,2026-10-21,10:20,False,"1.A – LINIGRA – privatna škola s pravom javnosti, Gjure Szaba 4, 10000 Zagreb","Razred 1.A | Predmet: Ekologija u turizmu i ugostiteljstvu (ORT-1) | Nastavnik: Trpimir-Frane Sulić | Učionica: 1.A | Sat: 1, 2",Off
Zaštita na radu u turizmu i ugostiteljstvu (ZNR),2026-10-21,10:30,2026-10-21,12:05,False,"1.A – LINIGRA – privatna škola s pravom javnosti, Gjure Szaba 4, 10000 Zagreb","Razred 1.A | Predmet: Zaštita na radu u turizmu i ugostiteljstvu (ZNR) | Nastavnik: Sandra Bučić Srdarev | Učionica: 1.A | Sat: 3, 4",Off
Engleski jezik struke 4 (EJS1),2026-10-21,12:35,2026-10-21,13:20,False,"1.A – LINIGRA – privatna škola s pravom javnosti, Gjure Szaba 4, 10000 Zagreb",Razred 1.A | Predmet: Engleski jezik struke 4 (EJS1) | Nastavnik: Lana Potočki | Učionica: 1.A | Sat: 5,Off
Matematika (MAT),2026-10-21,13:25,2026-10-21,14:10,False,"1.A – LINIGRA – privatna škola s pravom javnosti, Gjure Szaba 4, 10000 Zagreb",Razred 1.A | Predmet: Matematika (MAT) | Nastavnik: Marija Erić | Učionica: 1.A | Sat: 6,Off
Hrvatski jezik (HRV),2026-10-21,14:20,2026-10-21,15:05,False,"1.A – LINIGRA – privatna škola s pravom javnosti, Gjure Szaba 4, 10000 Zagreb",Razred 1.A | Predmet: Hrvatski jezik (HRV) | Nastavnik: Iva Rončević | Učionica: 1.A | Sat: 7,Off
Matematika (MAT),2026-10-22,08:45,2026-10-22,09:30,False,"1.A – LINIGRA – privatna škola s pravom javnosti, Gjure Szaba 4, 10000 Zagreb",Razred 1.A | Predmet: Matematika (MAT) | Nastavnik: Marija Erić | Učionica: 1.A | Sat: 1,Off
Engleski jezik struke 4 (EJS1),2026-10-22,09:35,2026-10-22,10:20,False,"1.A – LINIGRA – privatna škola s pravom javnosti, Gjure Szaba 4, 10000 Zagreb",Razred 1.A | Predmet: Engleski jezik struke 4 (EJS1) | Nastavnik: Lana Potočki | Učionica: 1.A | Sat: 2,Off
Poslovni talijanski jezik u turizmu (TAL1),2026-10-22,10:30,2026-10-22,11:15,False,"1.A – LINIGRA – privatna škola s pravom javnosti, Gjure Szaba 4, 10000 Zagreb",Razred 1.A | Predmet: Poslovni talijanski jezik u turizmu (TAL1) | Nastavnik: Marina Šušić | Učionica: 1.A | Sat: 3,Off
Ekologija u turizmu i ugostiteljstvu (ORT-1),2026-10-22,11:20,2026-10-22,12:05,False,"1.A – LINIGRA – privatna škola s pravom javnosti, Gjure Szaba 4, 10000 Zagreb",Razred 1.A | Predmet: Ekologija u turizmu i ugostiteljstvu (ORT-1) | Nastavnik: Trpimir-Frane Sulić | Učionica: 1.A | Sat: 4,Off
Ekologija u turizmu i ugostiteljstvu (ORT-1),2026-10-22,12:35,2026-10-22,13:20,False,"1.A – LINIGRA – privatna škola s pravom javnosti, Gjure Szaba 4, 10000 Zagreb",Razred 1.A | Predmet: Ekologija u turizmu i ugostiteljstvu (ORT-1) | Nastavnik: Trpimir-Frane Sulić | Učionica: 1.A | Sat: 5,Off
Njemački jezik u turizmu (NJEM1),2026-10-22,13:25,2026-10-22,14:10,False,"1.A – LINIGRA – privatna škola s pravom javnosti, Gjure Szaba 4, 10000 Zagreb",Razred 1.A | Predmet: Njemački jezik u turizmu (NJEM1) | Nastavnik: Žaneta Štrbac Mišić | Učionica: 1.A | Sat: 6,Off
Hrvatski jezik (HRV),2026-10-22,14:20,2026-10-22,15:05,False,"1.A – LINIGRA – privatna škola s pravom javnosti, Gjure Szaba 4, 10000 Zagreb",Razred 1.A | Predmet: Hrvatski jezik (HRV) | Nastavnik: Iva Rončević | Učionica: 1.A | Sat: 7,Off
Zaštita na radu u turizmu i ugostiteljstvu (ZNR),2026-10-23,08:45,2026-10-23,10:20,False,"1.A – LINIGRA – privatna škola s pravom javnosti, Gjure Szaba 4, 10000 Zagreb","Razred 1.A | Predmet: Zaštita na radu u turizmu i ugostiteljstvu (ZNR) | Nastavnik: Sandra Bučić Srdarev | Učionica: 1.A | Sat: 1, 2",Off
Engleski jezik (ENG),2026-10-23,10:30,2026-10-23,11:15,False,"1.A – LINIGRA – privatna škola s pravom javnosti, Gjure Szaba 4, 10000 Zagreb",Razred 1.A | Predmet: Engleski jezik (ENG) | Nastavnik: Ivana Marušić | Učionica: 1.A | Sat: 3,Off
Hrvatski jezik (HRV),2026-10-23,11:20,2026-10-23,12:05,False,"1.A – LINIGRA – privatna škola s pravom javnosti, Gjure Szaba 4, 10000 Zagreb",Razred 1.A | Predmet: Hrvatski jezik (HRV) | Nastavnik: Iva Rončević | Učionica: 1.A | Sat: 4,Off
Njemački jezik u turizmu (NJEM1),2026-10-23,12:35,2026-10-23,13:20,False,"1.A – LINIGRA – privatna škola s pravom javnosti, Gjure Szaba 4, 10000 Zagreb",Razred 1.A | Predmet: Njemački jezik u turizmu (NJEM1) | Nastavnik: Žaneta Štrbac Mišić | Učionica: 1.A | Sat: 5,Off
Sat razredne zajednice (Srz),2026-10-23,13:25,2026-10-23,14:10,False,"1.A – LINIGRA – privatna škola s pravom javnosti, Gjure Szaba 4, 10000 Zagreb",Razred 1.A | Predmet: Sat razredne zajednice (Srz) | Nastavnik: Ivana Brinc | Učionica: 1.A | Sat: 6,Off
Njemački jezik u turizmu (NJEM1),2026-10-26,08:45,2026-10-26,09:30,False,"1.A – LINIGRA – privatna škola s pravom javnosti, Gjure Szaba 4, 10000 Zagreb",Razred 1.A | Predmet: Njemački jezik u turizmu (NJEM1) | Nastavnik: Žaneta Štrbac Mišić | Učionica: 1.A | Sat: 1,Off
Engleski jezik struke 4 (EJS1),2026-10-26,09:35,2026-10-26,10:20,False,"1.A – LINIGRA – privatna škola s pravom javnosti, Gjure Szaba 4, 10000 Zagreb",Razred 1.A | Predmet: Engleski jezik struke 4 (EJS1) | Nastavnik: Lana Potočki | Učionica: 1.A | Sat: 2,Off
Matematika (MAT),2026-10-26,10:30,2026-10-26,11:15,False,"1.A – LINIGRA – privatna škola s pravom javnosti, Gjure Szaba 4, 10000 Zagreb",Razred 1.A | Predmet: Matematika (MAT) | Nastavnik: Marija Erić | Učionica: 1.A | Sat: 3,Off
Hrvatski jezik (HRV),2026-10-26,11:20,2026-10-26,12:05,False,"1.A – LINIGRA – privatna škola s pravom javnosti, Gjure Szaba 4, 10000 Zagreb",Razred 1.A | Predmet: Hrvatski jezik (HRV) | Nastavnik: Iva Rončević | Učionica: 1.A | Sat: 4,Off
Poslovni talijanski jezik u turizmu (TAL1),2026-10-26,12:35,2026-10-26,13:20,False,"1.A – LINIGRA – privatna škola s pravom javnosti, Gjure Szaba 4, 10000 Zagreb",Razred 1.A | Predmet: Poslovni talijanski jezik u turizmu (TAL1) | Nastavnik: Marina Šušić | Učionica: 1.A | Sat: 5,Off
Povijest (POV),2026-10-26,13:25,2026-10-26,14:10,False,"1.A – LINIGRA – privatna škola s pravom javnosti, Gjure Szaba 4, 10000 Zagreb",Razred 1.A | Predmet: Povijest (POV) | Nastavnik: Ivana Brinc | Učionica: 1.A | Sat: 6,Off
Matematika (MAT),2026-10-27,08:45,2026-10-27,09:30,False,"1.A – LINIGRA – privatna škola s pravom javnosti, Gjure Szaba 4, 10000 Zagreb",Razred 1.A | Predmet: Matematika (MAT) | Nastavnik: Marija Erić | Učionica: 1.A | Sat: 1,Off
Vjeronauk (VJE),2026-10-27,09:35,2026-10-27,10:20,False,"1.A – LINIGRA – privatna škola s pravom javnosti, Gjure Szaba 4, 10000 Zagreb",Razred 1.A | Predmet: Vjeronauk (VJE) | Nastavnik: Marina Bertić | Učionica: 1.A | Sat: 2,Off
Zaštita na radu u turizmu i ugostiteljstvu (ZNR),2026-10-27,10:30,2026-10-27,12:05,False,"1.A – LINIGRA – privatna škola s pravom javnosti, Gjure Szaba 4, 10000 Zagreb","Razred 1.A | Predmet: Zaštita na radu u turizmu i ugostiteljstvu (ZNR) | Nastavnik: Sandra Bučić Srdarev | Učionica: 1.A | Sat: 3, 4",Off
Ekologija u turizmu i ugostiteljstvu (ORT-1),2026-10-27,12:35,2026-10-27,13:20,False,"1.A – LINIGRA – privatna škola s pravom javnosti, Gjure Szaba 4, 10000 Zagreb",Razred 1.A | Predmet: Ekologija u turizmu i ugostiteljstvu (ORT-1) | Nastavnik: Trpimir-Frane Sulić | Učionica: 1.A | Sat: 5,Off
Engleski jezik (ENG),2026-10-27,13:25,2026-10-27,14:10,False,"1.A – LINIGRA – privatna škola s pravom javnosti, Gjure Szaba 4, 10000 Zagreb",Razred 1.A | Predmet: Engleski jezik (ENG) | Nastavnik: Ivana Marušić | Učionica: 1.A | Sat: 6,Off
Tjelesni (TZK),2026-10-27,14:20,2026-10-27,15:05,False,"Ter – LINIGRA – privatna škola s pravom javnosti, Gjure Szaba 4, 10000 Zagreb",Razred 1.A | Predmet: Tjelesni (TZK) | Nastavnik: Andrea Josić | Učionica: Ter | Sat: 7,Off
Ekologija u turizmu i ugostiteljstvu (ORT-1),2026-10-28,08:45,2026-10-28,10:20,False,"1.A – LINIGRA – privatna škola s pravom javnosti, Gjure Szaba 4, 10000 Zagreb","Razred 1.A | Predmet: Ekologija u turizmu i ugostiteljstvu (ORT-1) | Nastavnik: Trpimir-Frane Sulić | Učionica: 1.A | Sat: 1, 2",Off
Zaštita na radu u turizmu i ugostiteljstvu (ZNR),2026-10-28,10:30,2026-10-28,12:05,False,"1.A – LINIGRA – privatna škola s pravom javnosti, Gjure Szaba 4, 10000 Zagreb","Razred 1.A | Predmet: Zaštita na radu u turizmu i ugostiteljstvu (ZNR) | Nastavnik: Sandra Bučić Srdarev | Učionica: 1.A | Sat: 3, 4",Off
Engleski jezik struke 4 (EJS1),2026-10-28,12:35,2026-10-28,13:20,False,"1.A – LINIGRA – privatna škola s pravom javnosti, Gjure Szaba 4, 10000 Zagreb",Razred 1.A | Predmet: Engleski jezik struke 4 (EJS1) | Nastavnik: Lana Potočki | Učionica: 1.A | Sat: 5,Off
Matematika (MAT),2026-10-28,13:25,2026-10-28,14:10,False,"1.A – LINIGRA – privatna škola s pravom javnosti, Gjure Szaba 4, 10000 Zagreb",Razred 1.A | Predmet: Matematika (MAT) | Nastavnik: Marija Erić | Učionica: 1.A | Sat: 6,Off
Hrvatski jezik (HRV),2026-10-28,14:20,2026-10-28,15:05,False,"1.A – LINIGRA – privatna škola s pravom javnosti, Gjure Szaba 4, 10000 Zagreb",Razred 1.A | Predmet: Hrvatski jezik (HRV) | Nastavnik: Iva Rončević | Učionica: 1.A | Sat: 7,Off
Matematika (MAT),2026-10-29,08:45,2026-10-29,09:30,False,"1.A – LINIGRA – privatna škola s pravom javnosti, Gjure Szaba 4, 10000 Zagreb",Razred 1.A | Predmet: Matematika (MAT) | Nastavnik: Marija Erić | Učionica: 1.A | Sat: 1,Off
Engleski jezik struke 4 (EJS1),2026-10-29,09:35,2026-10-29,10:20,False,"1.A – LINIGRA – privatna škola s pravom javnosti, Gjure Szaba 4, 10000 Zagreb",Razred 1.A | Predmet: Engleski jezik struke 4 (EJS1) | Nastavnik: Lana Potočki | Učionica: 1.A | Sat: 2,Off
Poslovni talijanski jezik u turizmu (TAL1),2026-10-29,10:30,2026-10-29,11:15,False,"1.A – LINIGRA – privatna škola s pravom javnosti, Gjure Szaba 4, 10000 Zagreb",Razred 1.A | Predmet: Poslovni talijanski jezik u turizmu (TAL1) | Nastavnik: Marina Šušić | Učionica: 1.A | Sat: 3,Off
Ekologija u turizmu i ugostiteljstvu (ORT-1),2026-10-29,11:20,2026-10-29,12:05,False,"1.A – LINIGRA – privatna škola s pravom javnosti, Gjure Szaba 4, 10000 Zagreb",Razred 1.A | Predmet: Ekologija u turizmu i ugostiteljstvu (ORT-1) | Nastavnik: Trpimir-Frane Sulić | Učionica: 1.A | Sat: 4,Off
Ekologija u turizmu i ugostiteljstvu (ORT-1),2026-10-29,12:35,2026-10-29,13:20,False,"1.A – LINIGRA – privatna škola s pravom javnosti, Gjure Szaba 4, 10000 Zagreb",Razred 1.A | Predmet: Ekologija u turizmu i ugostiteljstvu (ORT-1) | Nastavnik: Trpimir-Frane Sulić | Učionica: 1.A | Sat: 5,Off
Njemački jezik u turizmu (NJEM1),2026-10-29,13:25,2026-10-29,14:10,False,"1.A – LINIGRA – privatna škola s pravom javnosti, Gjure Szaba 4, 10000 Zagreb",Razred 1.A | Predmet: Njemački jezik u turizmu (NJEM1) | Nastavnik: Žaneta Štrbac Mišić | Učionica: 1.A | Sat: 6,Off
Hrvatski jezik (HRV),2026-10-29,14:20,2026-10-29,15:05,False,"1.A – LINIGRA – privatna škola s pravom javnosti, Gjure Szaba 4, 10000 Zagreb",Razred 1.A | Predmet: Hrvatski jezik (HRV) | Nastavnik: Iva Rončević | Učionica: 1.A | Sat: 7,Off
Zaštita na radu u turizmu i ugostiteljstvu (ZNR),2026-10-30,08:45,2026-10-30,10:20,False,"1.A – LINIGRA – privatna škola s pravom javnosti, Gjure Szaba 4, 10000 Zagreb","Razred 1.A | Predmet: Zaštita na radu u turizmu i ugostiteljstvu (ZNR) | Nastavnik: Sandra Bučić Srdarev | Učionica: 1.A | Sat: 1, 2",Off
Engleski jezik (ENG),2026-10-30,10:30,2026-10-30,11:15,False,"1.A – LINIGRA – privatna škola s pravom javnosti, Gjure Szaba 4, 10000 Zagreb",Razred 1.A | Predmet: Engleski jezik (ENG) | Nastavnik: Ivana Marušić | Učionica: 1.A | Sat: 3,Off
Hrvatski jezik (HRV),2026-10-30,11:20,2026-10-30,12:05,False,"1.A – LINIGRA – privatna škola s pravom javnosti, Gjure Szaba 4, 10000 Zagreb",Razred 1.A | Predmet: Hrvatski jezik (HRV) | Nastavnik: Iva Rončević | Učionica: 1.A | Sat: 4,Off
Njemački jezik u turizmu (NJEM1),2026-10-30,12:35,2026-10-30,13:20,False,"1.A – LINIGRA – privatna škola s pravom javnosti, Gjure Szaba 4, 10000 Zagreb",Razred 1.A | Predmet: Njemački jezik u turizmu (NJEM1) | Nastavnik: Žaneta Štrbac Mišić | Učionica: 1.A | Sat: 5,Off
Sat razredne zajednice (Srz),2026-10-30,13:25,2026-10-30,14:10,False,"1.A – LINIGRA – privatna škola s pravom javnosti, Gjure Szaba 4, 10000 Zagreb",Razred 1.A | Predmet: Sat razredne zajednice (Srz) | Nastavnik: Ivana Brinc | Učionica: 1.A | Sat: 6,Off
Njemački jezik u turizmu (NJEM1),2026-11-02,08:45,2026-11-02,09:30,False,"1.A – LINIGRA – privatna škola s pravom javnosti, Gjure Szaba 4, 10000 Zagreb",Razred 1.A | Predmet: Njemački jezik u turizmu (NJEM1) | Nastavnik: Žaneta Štrbac Mišić | Učionica: 1.A | Sat: 1,Off
Engleski jezik struke 4 (EJS1),2026-11-02,09:35,2026-11-02,10:20,False,"1.A – LINIGRA – privatna škola s pravom javnosti, Gjure Szaba 4, 10000 Zagreb",Razred 1.A | Predmet: Engleski jezik struke 4 (EJS1) | Nastavnik: Lana Potočki | Učionica: 1.A | Sat: 2,Off
Matematika (MAT),2026-11-02,10:30,2026-11-02,11:15,False,"1.A – LINIGRA – privatna škola s pravom javnosti, Gjure Szaba 4, 10000 Zagreb",Razred 1.A | Predmet: Matematika (MAT) | Nastavnik: Marija Erić | Učionica: 1.A | Sat: 3,Off
Hrvatski jezik (HRV),2026-11-02,11:20,2026-11-02,12:05,False,"1.A – LINIGRA – privatna škola s pravom javnosti, Gjure Szaba 4, 10000 Zagreb",Razred 1.A | Predmet: Hrvatski jezik (HRV) | Nastavnik: Iva Rončević | Učionica: 1.A | Sat: 4,Off
Poslovni talijanski jezik u turizmu (TAL1),2026-11-02,12:35,2026-11-02,13:20,False,"1.A – LINIGRA – privatna škola s pravom javnosti, Gjure Szaba 4, 10000 Zagreb",Razred 1.A | Predmet: Poslovni talijanski jezik u turizmu (TAL1) | Nastavnik: Marina Šušić | Učionica: 1.A | Sat: 5,Off
Povijest (POV),2026-11-02,13:25,2026-11-02,14:10,False,"1.A – LINIGRA – privatna škola s pravom javnosti, Gjure Szaba 4, 10000 Zagreb",Razred 1.A | Predmet: Povijest (POV) | Nastavnik: Ivana Brinc | Učionica: 1.A | Sat: 6,Off
Matematika (MAT),2026-11-03,08:45,2026-11-03,09:30,False,"1.A – LINIGRA – privatna škola s pravom javnosti, Gjure Szaba 4, 10000 Zagreb",Razred 1.A | Predmet: Matematika (MAT) | Nastavnik: Marija Erić | Učionica: 1.A | Sat: 1,Off
Vjeronauk (VJE),2026-11-03,09:35,2026-11-03,10:20,False,"1.A – LINIGRA – privatna škola s pravom javnosti, Gjure Szaba 4, 10000 Zagreb",Razred 1.A | Predmet: Vjeronauk (VJE) | Nastavnik: Marina Bertić | Učionica: 1.A | Sat: 2,Off
Zaštita na radu u turizmu i ugostiteljstvu (ZNR),2026-11-03,10:30,2026-11-03,12:05,False,"1.A – LINIGRA – privatna škola s pravom javnosti, Gjure Szaba 4, 10000 Zagreb","Razred 1.A | Predmet: Zaštita na radu u turizmu i ugostiteljstvu (ZNR) | Nastavnik: Sandra Bučić Srdarev | Učionica: 1.A | Sat: 3, 4",Off
Ekologija u turizmu i ugostiteljstvu (ORT-1),2026-11-03,12:35,2026-11-03,13:20,False,"1.A – LINIGRA – privatna škola s pravom javnosti, Gjure Szaba 4, 10000 Zagreb",Razred 1.A | Predmet: Ekologija u turizmu i ugostiteljstvu (ORT-1) | Nastavnik: Trpimir-Frane Sulić | Učionica: 1.A | Sat: 5,Off
Engleski jezik (ENG),2026-11-03,13:25,2026-11-03,14:10,False,"1.A – LINIGRA – privatna škola s pravom javnosti, Gjure Szaba 4, 10000 Zagreb",Razred 1.A | Predmet: Engleski jezik (ENG) | Nastavnik: Ivana Marušić | Učionica: 1.A | Sat: 6,Off
Tjelesni (TZK),2026-11-03,14:20,2026-11-03,15:05,False,"Ter – LINIGRA – privatna škola s pravom javnosti, Gjure Szaba 4, 10000 Zagreb",Razred 1.A | Predmet: Tjelesni (TZK) | Nastavnik: Andrea Josić | Učionica: Ter | Sat: 7,Off
Ekologija u turizmu i ugostiteljstvu (ORT-1),2026-11-04,08:45,2026-11-04,10:20,False,"1.A – LINIGRA – privatna škola s pravom javnosti, Gjure Szaba 4, 10000 Zagreb","Razred 1.A | Predmet: Ekologija u turizmu i ugostiteljstvu (ORT-1) | Nastavnik: Trpimir-Frane Sulić | Učionica: 1.A | Sat: 1, 2",Off
Zaštita na radu u turizmu i ugostiteljstvu (ZNR),2026-11-04,10:30,2026-11-04,12:05,False,"1.A – LINIGRA – privatna škola s pravom javnosti, Gjure Szaba 4, 10000 Zagreb","Razred 1.A | Predmet: Zaštita na radu u turizmu i ugostiteljstvu (ZNR) | Nastavnik: Sandra Bučić Srdarev | Učionica: 1.A | Sat: 3, 4",Off
Engleski jezik struke 4 (EJS1),2026-11-04,12:35,2026-11-04,13:20,False,"1.A – LINIGRA – privatna škola s pravom javnosti, Gjure Szaba 4, 10000 Zagreb",Razred 1.A | Predmet: Engleski jezik struke 4 (EJS1) | Nastavnik: Lana Potočki | Učionica: 1.A | Sat: 5,Off
Matematika (MAT),2026-11-04,13:25,2026-11-04,14:10,False,"1.A – LINIGRA – privatna škola s pravom javnosti, Gjure Szaba 4, 10000 Zagreb",Razred 1.A | Predmet: Matematika (MAT) | Nastavnik: Marija Erić | Učionica: 1.A | Sat: 6,Off
Hrvatski jezik (HRV),2026-11-04,14:20,2026-11-04,15:05,False,"1.A – LINIGRA – privatna škola s pravom javnosti, Gjure Szaba 4, 10000 Zagreb",Razred 1.A | Predmet: Hrvatski jezik (HRV) | Nastavnik: Iva Rončević | Učionica: 1.A | Sat: 7,Off
Matematika (MAT),2026-11-05,08:45,2026-11-05,09:30,False,"1.A – LINIGRA – privatna škola s pravom javnosti, Gjure Szaba 4, 10000 Zagreb",Razred 1.A | Predmet: Matematika (MAT) | Nastavnik: Marija Erić | Učionica: 1.A | Sat: 1,Off
Engleski jezik struke 4 (EJS1),2026-11-05,09:35,2026-11-05,10:20,False,"1.A – LINIGRA – privatna škola s pravom javnosti, Gjure Szaba 4, 10000 Zagreb",Razred 1.A | Predmet: Engleski jezik struke 4 (EJS1) | Nastavnik: Lana Potočki | Učionica: 1.A | Sat: 2,Off
Poslovni talijanski jezik u turizmu (TAL1),2026-11-05,10:30,2026-11-05,11:15,False,"1.A – LINIGRA – privatna škola s pravom javnosti, Gjure Szaba 4, 10000 Zagreb",Razred 1.A | Predmet: Poslovni talijanski jezik u turizmu (TAL1) | Nastavnik: Marina Šušić | Učionica: 1.A | Sat: 3,Off
Ekologija u turizmu i ugostiteljstvu (ORT-1),2026-11-05,11:20,2026-11-05,12:05,False,"1.A – LINIGRA – privatna škola s pravom javnosti, Gjure Szaba 4, 10000 Zagreb",Razred 1.A | Predmet: Ekologija u turizmu i ugostiteljstvu (ORT-1) | Nastavnik: Trpimir-Frane Sulić | Učionica: 1.A | Sat: 4,Off
Ekologija u turizmu i ugostiteljstvu (ORT-1),2026-11-05,12:35,2026-11-05,13:20,False,"1.A – LINIGRA – privatna škola s pravom javnosti, Gjure Szaba 4, 10000 Zagreb",Razred 1.A | Predmet: Ekologija u turizmu i ugostiteljstvu (ORT-1) | Nastavnik: Trpimir-Frane Sulić | Učionica: 1.A | Sat: 5,Off
Njemački jezik u turizmu (NJEM1),2026-11-05,13:25,2026-11-05,14:10,False,"1.A – LINIGRA – privatna škola s pravom javnosti, Gjure Szaba 4, 10000 Zagreb",Razred 1.A | Predmet: Njemački jezik u turizmu (NJEM1) | Nastavnik: Žaneta Štrbac Mišić | Učionica: 1.A | Sat: 6,Off
Hrvatski jezik (HRV),2026-11-05,14:20,2026-11-05,15:05,False,"1.A – LINIGRA – privatna škola s pravom javnosti, Gjure Szaba 4, 10000 Zagreb",Razred 1.A | Predmet: Hrvatski jezik (HRV) | Nastavnik: Iva Rončević | Učionica: 1.A | Sat: 7,Off
Zaštita na radu u turizmu i ugostiteljstvu (ZNR),2026-11-06,08:45,2026-11-06,10:20,False,"1.A – LINIGRA – privatna škola s pravom javnosti, Gjure Szaba 4, 10000 Zagreb","Razred 1.A | Predmet: Zaštita na radu u turizmu i ugostiteljstvu (ZNR) | Nastavnik: Sandra Bučić Srdarev | Učionica: 1.A | Sat: 1, 2",Off
Engleski jezik (ENG),2026-11-06,10:30,2026-11-06,11:15,False,"1.A – LINIGRA – privatna škola s pravom javnosti, Gjure Szaba 4, 10000 Zagreb",Razred 1.A | Predmet: Engleski jezik (ENG) | Nastavnik: Ivana Marušić | Učionica: 1.A | Sat: 3,Off
Hrvatski jezik (HRV),2026-11-06,11:20,2026-11-06,12:05,False,"1.A – LINIGRA – privatna škola s pravom javnosti, Gjure Szaba 4, 10000 Zagreb",Razred 1.A | Predmet: Hrvatski jezik (HRV) | Nastavnik: Iva Rončević | Učionica: 1.A | Sat: 4,Off
Njemački jezik u turizmu (NJEM1),2026-11-06,12:35,2026-11-06,13:20,False,"1.A – LINIGRA – privatna škola s pravom javnosti, Gjure Szaba 4, 10000 Zagreb",Razred 1.A | Predmet: Njemački jezik u turizmu (NJEM1) | Nastavnik: Žaneta Štrbac Mišić | Učionica: 1.A | Sat: 5,Off
Sat razredne zajednice (Srz),2026-11-06,13:25,2026-11-06,14:10,False,"1.A – LINIGRA – privatna škola s pravom javnosti, Gjure Szaba 4, 10000 Zagreb",Razred 1.A | Predmet: Sat razredne zajednice (Srz) | Nastavnik: Ivana Brinc | Učionica: 1.A | Sat: 6,Off
Njemački jezik u turizmu (NJEM1),2026-11-09,08:45,2026-11-09,09:30,False,"1.A – LINIGRA – privatna škola s pravom javnosti, Gjure Szaba 4, 10000 Zagreb",Razred 1.A | Predmet: Njemački jezik u turizmu (NJEM1) | Nastavnik: Žaneta Štrbac Mišić | Učionica: 1.A | Sat: 1,Off
Engleski jezik struke 4 (EJS1),2026-11-09,09:35,2026-11-09,10:20,False,"1.A – LINIGRA – privatna škola s pravom javnosti, Gjure Szaba 4, 10000 Zagreb",Razred 1.A | Predmet: Engleski jezik struke 4 (EJS1) | Nastavnik: Lana Potočki | Učionica: 1.A | Sat: 2,Off
Matematika (MAT),2026-11-09,10:30,2026-11-09,11:15,False,"1.A – LINIGRA – privatna škola s pravom javnosti, Gjure Szaba 4, 10000 Zagreb",Razred 1.A | Predmet: Matematika (MAT) | Nastavnik: Marija Erić | Učionica: 1.A | Sat: 3,Off
Hrvatski jezik (HRV),2026-11-09,11:20,2026-11-09,12:05,False,"1.A – LINIGRA – privatna škola s pravom javnosti, Gjure Szaba 4, 10000 Zagreb",Razred 1.A | Predmet: Hrvatski jezik (HRV) | Nastavnik: Iva Rončević | Učionica: 1.A | Sat: 4,Off
Poslovni talijanski jezik u turizmu (TAL1),2026-11-09,12:35,2026-11-09,13:20,False,"1.A – LINIGRA – privatna škola s pravom javnosti, Gjure Szaba 4, 10000 Zagreb",Razred 1.A | Predmet: Poslovni talijanski jezik u turizmu (TAL1) | Nastavnik: Marina Šušić | Učionica: 1.A | Sat: 5,Off
Povijest (POV),2026-11-09,13:25,2026-11-09,14:10,False,"1.A – LINIGRA – privatna škola s pravom javnosti, Gjure Szaba 4, 10000 Zagreb",Razred 1.A | Predmet: Povijest (POV) | Nastavnik: Ivana Brinc | Učionica: 1.A | Sat: 6,Off
Matematika (MAT),2026-11-10,08:45,2026-11-10,09:30,False,"1.A – LINIGRA – privatna škola s pravom javnosti, Gjure Szaba 4, 10000 Zagreb",Razred 1.A | Predmet: Matematika (MAT) | Nastavnik: Marija Erić | Učionica: 1.A | Sat: 1,Off
Vjeronauk (VJE),2026-11-10,09:35,2026-11-10,10:20,False,"1.A – LINIGRA – privatna škola s pravom javnosti, Gjure Szaba 4, 10000 Zagreb",Razred 1.A | Predmet: Vjeronauk (VJE) | Nastavnik: Marina Bertić | Učionica: 1.A | Sat: 2,Off
Zaštita na radu u turizmu i ugostiteljstvu (ZNR),2026-11-10,10:30,2026-11-10,12:05,False,"1.A – LINIGRA – privatna škola s pravom javnosti, Gjure Szaba 4, 10000 Zagreb","Razred 1.A | Predmet: Zaštita na radu u turizmu i ugostiteljstvu (ZNR) | Nastavnik: Sandra Bučić Srdarev | Učionica: 1.A | Sat: 3, 4",Off
Ekologija u turizmu i ugostiteljstvu (ORT-1),2026-11-10,12:35,2026-11-10,13:20,False,"1.A – LINIGRA – privatna škola s pravom javnosti, Gjure Szaba 4, 10000 Zagreb",Razred 1.A | Predmet: Ekologija u turizmu i ugostiteljstvu (ORT-1) | Nastavnik: Trpimir-Frane Sulić | Učionica: 1.A | Sat: 5,Off
Engleski jezik (ENG),2026-11-10,13:25,2026-11-10,14:10,False,"1.A – LINIGRA – privatna škola s pravom javnosti, Gjure Szaba 4, 10000 Zagreb",Razred 1.A | Predmet: Engleski jezik (ENG) | Nastavnik: Ivana Marušić | Učionica: 1.A | Sat: 6,Off
Tjelesni (TZK),2026-11-10,14:20,2026-11-10,15:05,False,"Ter – LINIGRA – privatna škola s pravom javnosti, Gjure Szaba 4, 10000 Zagreb",Razred 1.A | Predmet: Tjelesni (TZK) | Nastavnik: Andrea Josić | Učionica: Ter | Sat: 7,Off
Ekologija u turizmu i ugostiteljstvu (ORT-1),2026-11-11,08:45,2026-11-11,10:20,False,"1.A – LINIGRA – privatna škola s pravom javnosti, Gjure Szaba 4, 10000 Zagreb","Razred 1.A | Predmet: Ekologija u turizmu i ugostiteljstvu (ORT-1) | Nastavnik: Trpimir-Frane Sulić | Učionica: 1.A | Sat: 1, 2",Off
Zaštita na radu u turizmu i ugostiteljstvu (ZNR),2026-11-11,10:30,2026-11-11,12:05,False,"1.A – LINIGRA – privatna škola s pravom javnosti, Gjure Szaba 4, 10000 Zagreb","Razred 1.A | Predmet: Zaštita na radu u turizmu i ugostiteljstvu (ZNR) | Nastavnik: Sandra Bučić Srdarev | Učionica: 1.A | Sat: 3, 4",Off
Engleski jezik struke 4 (EJS1),2026-11-11,12:35,2026-11-11,13:20,False,"1.A – LINIGRA – privatna škola s pravom javnosti, Gjure Szaba 4, 10000 Zagreb",Razred 1.A | Predmet: Engleski jezik struke 4 (EJS1) | Nastavnik: Lana Potočki | Učionica: 1.A | Sat: 5,Off
Matematika (MAT),2026-11-11,13:25,2026-11-11,14:10,False,"1.A – LINIGRA – privatna škola s pravom javnosti, Gjure Szaba 4, 10000 Zagreb",Razred 1.A | Predmet: Matematika (MAT) | Nastavnik: Marija Erić | Učionica: 1.A | Sat: 6,Off
Hrvatski jezik (HRV),2026-11-11,14:20,2026-11-11,15:05,False,"1.A – LINIGRA – privatna škola s pravom javnosti, Gjure Szaba 4, 10000 Zagreb",Razred 1.A | Predmet: Hrvatski jezik (HRV) | Nastavnik: Iva Rončević | Učionica: 1.A | Sat: 7,Off
Matematika (MAT),2026-11-12,08:45,2026-11-12,09:30,False,"1.A – LINIGRA – privatna škola s pravom javnosti, Gjure Szaba 4, 10000 Zagreb",Razred 1.A | Predmet: Matematika (MAT) | Nastavnik: Marija Erić | Učionica: 1.A | Sat: 1,Off
Engleski jezik struke 4 (EJS1),2026-11-12,09:35,2026-11-12,10:20,False,"1.A – LINIGRA – privatna škola s pravom javnosti, Gjure Szaba 4, 10000 Zagreb",Razred 1.A | Predmet: Engleski jezik struke 4 (EJS1) | Nastavnik: Lana Potočki | Učionica: 1.A | Sat: 2,Off
Poslovni talijanski jezik u turizmu (TAL1),2026-11-12,10:30,2026-11-12,11:15,False,"1.A – LINIGRA – privatna škola s pravom javnosti, Gjure Szaba 4, 10000 Zagreb",Razred 1.A | Predmet: Poslovni talijanski jezik u turizmu (TAL1) | Nastavnik: Marina Šušić | Učionica: 1.A | Sat: 3,Off
Ekologija u turizmu i ugostiteljstvu (ORT-1),2026-11-12,11:20,2026-11-12,12:05,False,"1.A – LINIGRA – privatna škola s pravom javnosti, Gjure Szaba 4, 10000 Zagreb",Razred 1.A | Predmet: Ekologija u turizmu i ugostiteljstvu (ORT-1) | Nastavnik: Trpimir-Frane Sulić | Učionica: 1.A | Sat: 4,Off
Ekologija u turizmu i ugostiteljstvu (ORT-1),2026-11-12,12:35,2026-11-12,13:20,False,"1.A – LINIGRA – privatna škola s pravom javnosti, Gjure Szaba 4, 10000 Zagreb",Razred 1.A | Predmet: Ekologija u turizmu i ugostiteljstvu (ORT-1) | Nastavnik: Trpimir-Frane Sulić | Učionica: 1.A | Sat: 5,Off
Njemački jezik u turizmu (NJEM1),2026-11-12,13:25,2026-11-12,14:10,False,"1.A – LINIGRA – privatna škola s pravom javnosti, Gjure Szaba 4, 10000 Zagreb",Razred 1.A | Predmet: Njemački jezik u turizmu (NJEM1) | Nastavnik: Žaneta Štrbac Mišić | Učionica: 1.A | Sat: 6,Off
Hrvatski jezik (HRV),2026-11-12,14:20,2026-11-12,15:05,False,"1.A – LINIGRA – privatna škola s pravom javnosti, Gjure Szaba 4, 10000 Zagreb",Razred 1.A | Predmet: Hrvatski jezik (HRV) | Nastavnik: Iva Rončević | Učionica: 1.A | Sat: 7,Off
Zaštita na radu u turizmu i ugostiteljstvu (ZNR),2026-11-13,08:45,2026-11-13,10:20,False,"1.A – LINIGRA – privatna škola s pravom javnosti, Gjure Szaba 4, 10000 Zagreb","Razred 1.A | Predmet: Zaštita na radu u turizmu i ugostiteljstvu (ZNR) | Nastavnik: Sandra Bučić Srdarev | Učionica: 1.A | Sat: 1, 2",Off
Engleski jezik (ENG),2026-11-13,10:30,2026-11-13,11:15,False,"1.A – LINIGRA – privatna škola s pravom javnosti, Gjure Szaba 4, 10000 Zagreb",Razred 1.A | Predmet: Engleski jezik (ENG) | Nastavnik: Ivana Marušić | Učionica: 1.A | Sat: 3,Off
Hrvatski jezik (HRV),2026-11-13,11:20,2026-11-13,12:05,False,"1.A – LINIGRA – privatna škola s pravom javnosti, Gjure Szaba 4, 10000 Zagreb",Razred 1.A | Predmet: Hrvatski jezik (HRV) | Nastavnik: Iva Rončević | Učionica: 1.A | Sat: 4,Off
Njemački jezik u turizmu (NJEM1),2026-11-13,12:35,2026-11-13,13:20,False,"1.A – LINIGRA – privatna škola s pravom javnosti, Gjure Szaba 4, 10000 Zagreb",Razred 1.A | Predmet: Njemački jezik u turizmu (NJEM1) | Nastavnik: Žaneta Štrbac Mišić | Učionica: 1.A | Sat: 5,Off
Sat razredne zajednice (Srz),2026-11-13,13:25,2026-11-13,14:10,False,"1.A – LINIGRA – privatna škola s pravom javnosti, Gjure Szaba 4, 10000 Zagreb",Razred 1.A | Predmet: Sat razredne zajednice (Srz) | Nastavnik: Ivana Brinc | Učionica: 1.A | Sat: 6,Off
Njemački jezik u turizmu (NJEM1),2026-11-16,08:45,2026-11-16,09:30,False,"1.A – LINIGRA – privatna škola s pravom javnosti, Gjure Szaba 4, 10000 Zagreb",Razred 1.A | Predmet: Njemački jezik u turizmu (NJEM1) | Nastavnik: Žaneta Štrbac Mišić | Učionica: 1.A | Sat: 1,Off
Engleski jezik struke 4 (EJS1),2026-11-16,09:35,2026-11-16,10:20,False,"1.A – LINIGRA – privatna škola s pravom javnosti, Gjure Szaba 4, 10000 Zagreb",Razred 1.A | Predmet: Engleski jezik struke 4 (EJS1) | Nastavnik: Lana Potočki | Učionica: 1.A | Sat: 2,Off
Matematika (MAT),2026-11-16,10:30,2026-11-16,11:15,False,"1.A – LINIGRA – privatna škola s pravom javnosti, Gjure Szaba 4, 10000 Zagreb",Razred 1.A | Predmet: Matematika (MAT) | Nastavnik: Marija Erić | Učionica: 1.A | Sat: 3,Off
Hrvatski jezik (HRV),2026-11-16,11:20,2026-11-16,12:05,False,"1.A – LINIGRA – privatna škola s pravom javnosti, Gjure Szaba 4, 10000 Zagreb",Razred 1.A | Predmet: Hrvatski jezik (HRV) | Nastavnik: Iva Rončević | Učionica: 1.A | Sat: 4,Off
Poslovni talijanski jezik u turizmu (TAL1),2026-11-16,12:35,2026-11-16,13:20,False,"1.A – LINIGRA – privatna škola s pravom javnosti, Gjure Szaba 4, 10000 Zagreb",Razred 1.A | Predmet: Poslovni talijanski jezik u turizmu (TAL1) | Nastavnik: Marina Šušić | Učionica: 1.A | Sat: 5,Off
Povijest (POV),2026-11-16,13:25,2026-11-16,14:10,False,"1.A – LINIGRA – privatna škola s pravom javnosti, Gjure Szaba 4, 10000 Zagreb",Razred 1.A | Predmet: Povijest (POV) | Nastavnik: Ivana Brinc | Učionica: 1.A | Sat: 6,Off
Matematika (MAT),2026-11-17,08:45,2026-11-17,09:30,False,"1.A – LINIGRA – privatna škola s pravom javnosti, Gjure Szaba 4, 10000 Zagreb",Razred 1.A | Predmet: Matematika (MAT) | Nastavnik: Marija Erić | Učionica: 1.A | Sat: 1,Off
Vjeronauk (VJE),2026-11-17,09:35,2026-11-17,10:20,False,"1.A – LINIGRA – privatna škola s pravom javnosti, Gjure Szaba 4, 10000 Zagreb",Razred 1.A | Predmet: Vjeronauk (VJE) | Nastavnik: Marina Bertić | Učionica: 1.A | Sat: 2,Off
Zaštita na radu u turizmu i ugostiteljstvu (ZNR),2026-11-17,10:30,2026-11-17,12:05,False,"1.A – LINIGRA – privatna škola s pravom javnosti, Gjure Szaba 4, 10000 Zagreb","Razred 1.A | Predmet: Zaštita na radu u turizmu i ugostiteljstvu (ZNR) | Nastavnik: Sandra Bučić Srdarev | Učionica: 1.A | Sat: 3, 4",Off
Ekologija u turizmu i ugostiteljstvu (ORT-1),2026-11-17,12:35,2026-11-17,13:20,False,"1.A – LINIGRA – privatna škola s pravom javnosti, Gjure Szaba 4, 10000 Zagreb",Razred 1.A | Predmet: Ekologija u turizmu i ugostiteljstvu (ORT-1) | Nastavnik: Trpimir-Frane Sulić | Učionica: 1.A | Sat: 5,Off
Engleski jezik (ENG),2026-11-17,13:25,2026-11-17,14:10,False,"1.A – LINIGRA – privatna škola s pravom javnosti, Gjure Szaba 4, 10000 Zagreb",Razred 1.A | Predmet: Engleski jezik (ENG) | Nastavnik: Ivana Marušić | Učionica: 1.A | Sat: 6,Off
Tjelesni (TZK),2026-11-17,14:20,2026-11-17,15:05,False,"Ter – LINIGRA – privatna škola s pravom javnosti, Gjure Szaba 4, 10000 Zagreb",Razred 1.A | Predmet: Tjelesni (TZK) | Nastavnik: Andrea Josić | Učionica: Ter | Sat: 7,Off
Dan sjećanja na žrtve Domovinskog rata – nema nastave,2026-11-18,,2026-11-18,,True,"LINIGRA – privatna škola s pravom javnosti, Gjure Szaba 4, 10000 Zagreb",Izvor: javni kalendar Školski praznici HR,Off
Matematika (MAT),2026-11-19,08:45,2026-11-19,09:30,False,"1.A – LINIGRA – privatna škola s pravom javnosti, Gjure Szaba 4, 10000 Zagreb",Razred 1.A | Predmet: Matematika (MAT) | Nastavnik: Marija Erić | Učionica: 1.A | Sat: 1,Off
Engleski jezik struke 4 (EJS1),2026-11-19,09:35,2026-11-19,10:20,False,"1.A – LINIGRA – privatna škola s pravom javnosti, Gjure Szaba 4, 10000 Zagreb",Razred 1.A | Predmet: Engleski jezik struke 4 (EJS1) | Nastavnik: Lana Potočki | Učionica: 1.A | Sat: 2,Off
Poslovni talijanski jezik u turizmu (TAL1),2026-11-19,10:30,2026-11-19,11:15,False,"1.A – LINIGRA – privatna škola s pravom javnosti, Gjure Szaba 4, 10000 Zagreb",Razred 1.A | Predmet: Poslovni talijanski jezik u turizmu (TAL1) | Nastavnik: Marina Šušić | Učionica: 1.A | Sat: 3,Off
Ekologija u turizmu i ugostiteljstvu (ORT-1),2026-11-19,11:20,2026-11-19,12:05,False,"1.A – LINIGRA – privatna škola s pravom javnosti, Gjure Szaba 4, 10000 Zagreb",Razred 1.A | Predmet: Ekologija u turizmu i ugostiteljstvu (ORT-1) | Nastavnik: Trpimir-Frane Sulić | Učionica: 1.A | Sat: 4,Off
Ekologija u turizmu i ugostiteljstvu (ORT-1),2026-11-19,12:35,2026-11-19,13:20,False,"1.A – LINIGRA – privatna škola s pravom javnosti, Gjure Szaba 4, 10000 Zagreb",Razred 1.A | Predmet: Ekologija u turizmu i ugostiteljstvu (ORT-1) | Nastavnik: Trpimir-Frane Sulić | Učionica: 1.A | Sat: 5,Off
Njemački jezik u turizmu (NJEM1),2026-11-19,13:25,2026-11-19,14:10,False,"1.A – LINIGRA – privatna škola s pravom javnosti, Gjure Szaba 4, 10000 Zagreb",Razred 1.A | Predmet: Njemački jezik u turizmu (NJEM1) | Nastavnik: Žaneta Štrbac Mišić | Učionica: 1.A | Sat: 6,Off
Hrvatski jezik (HRV),2026-11-19,14:20,2026-11-19,15:05,False,"1.A – LINIGRA – privatna škola s pravom javnosti, Gjure Szaba 4, 10000 Zagreb",Razred 1.A | Predmet: Hrvatski jezik (HRV) | Nastavnik: Iva Rončević | Učionica: 1.A | Sat: 7,Off
Zaštita na radu u turizmu i ugostiteljstvu (ZNR),2026-11-20,08:45,2026-11-20,10:20,False,"1.A – LINIGRA – privatna škola s pravom javnosti, Gjure Szaba 4, 10000 Zagreb","Razred 1.A | Predmet: Zaštita na radu u turizmu i ugostiteljstvu (ZNR) | Nastavnik: Sandra Bučić Srdarev | Učionica: 1.A | Sat: 1, 2",Off
Engleski jezik (ENG),2026-11-20,10:30,2026-11-20,11:15,False,"1.A – LINIGRA – privatna škola s pravom javnosti, Gjure Szaba 4, 10000 Zagreb",Razred 1.A | Predmet: Engleski jezik (ENG) | Nastavnik: Ivana Marušić | Učionica: 1.A | Sat: 3,Off
Hrvatski jezik (HRV),2026-11-20,11:20,2026-11-20,12:05,False,"1.A – LINIGRA – privatna škola s pravom javnosti, Gjure Szaba 4, 10000 Zagreb",Razred 1.A | Predmet: Hrvatski jezik (HRV) | Nastavnik: Iva Rončević | Učionica: 1.A | Sat: 4,Off
Njemački jezik u turizmu (NJEM1),2026-11-20,12:35,2026-11-20,13:20,False,"1.A – LINIGRA – privatna škola s pravom javnosti, Gjure Szaba 4, 10000 Zagreb",Razred 1.A | Predmet: Njemački jezik u turizmu (NJEM1) | Nastavnik: Žaneta Štrbac Mišić | Učionica: 1.A | Sat: 5,Off
Sat razredne zajednice (Srz),2026-11-20,13:25,2026-11-20,14:10,False,"1.A – LINIGRA – privatna škola s pravom javnosti, Gjure Szaba 4, 10000 Zagreb",Razred 1.A | Predmet: Sat razredne zajednice (Srz) | Nastavnik: Ivana Brinc | Učionica: 1.A | Sat: 6,Off
Njemački jezik u turizmu (NJEM1),2026-11-23,08:45,2026-11-23,09:30,False,"1.A – LINIGRA – privatna škola s pravom javnosti, Gjure Szaba 4, 10000 Zagreb",Razred 1.A | Predmet: Njemački jezik u turizmu (NJEM1) | Nastavnik: Žaneta Štrbac Mišić | Učionica: 1.A | Sat: 1,Off
Engleski jezik struke 4 (EJS1),2026-11-23,09:35,2026-11-23,10:20,False,"1.A – LINIGRA – privatna škola s pravom javnosti, Gjure Szaba 4, 10000 Zagreb",Razred 1.A | Predmet: Engleski jezik struke 4 (EJS1) | Nastavnik: Lana Potočki | Učionica: 1.A | Sat: 2,Off
Matematika (MAT),2026-11-23,10:30,2026-11-23,11:15,False,"1.A – LINIGRA – privatna škola s pravom javnosti, Gjure Szaba 4, 10000 Zagreb",Razred 1.A | Predmet: Matematika (MAT) | Nastavnik: Marija Erić | Učionica: 1.A | Sat: 3,Off
Hrvatski jezik (HRV),2026-11-23,11:20,2026-11-23,12:05,False,"1.A – LINIGRA – privatna škola s pravom javnosti, Gjure Szaba 4, 10000 Zagreb",Razred 1.A | Predmet: Hrvatski jezik (HRV) | Nastavnik: Iva Rončević | Učionica: 1.A | Sat: 4,Off
Poslovni talijanski jezik u turizmu (TAL1),2026-11-23,12:35,2026-11-23,13:20,False,"1.A – LINIGRA – privatna škola s pravom javnosti, Gjure Szaba 4, 10000 Zagreb",Razred 1.A | Predmet: Poslovni talijanski jezik u turizmu (TAL1) | Nastavnik: Marina Šušić | Učionica: 1.A | Sat: 5,Off
Povijest (POV),2026-11-23,13:25,2026-11-23,14:10,False,"1.A – LINIGRA – privatna škola s pravom javnosti, Gjure Szaba 4, 10000 Zagreb",Razred 1.A | Predmet: Povijest (POV) | Nastavnik: Ivana Brinc | Učionica: 1.A | Sat: 6,Off
Matematika (MAT),2026-11-24,08:45,2026-11-24,09:30,False,"1.A – LINIGRA – privatna škola s pravom javnosti, Gjure Szaba 4, 10000 Zagreb",Razred 1.A | Predmet: Matematika (MAT) | Nastavnik: Marija Erić | Učionica: 1.A | Sat: 1,Off
Vjeronauk (VJE),2026-11-24,09:35,2026-11-24,10:20,False,"1.A – LINIGRA – privatna škola s pravom javnosti, Gjure Szaba 4, 10000 Zagreb",Razred 1.A | Predmet: Vjeronauk (VJE) | Nastavnik: Marina Bertić | Učionica: 1.A | Sat: 2,Off
Zaštita na radu u turizmu i ugostiteljstvu (ZNR),2026-11-24,10:30,2026-11-24,12:05,False,"1.A – LINIGRA – privatna škola s pravom javnosti, Gjure Szaba 4, 10000 Zagreb","Razred 1.A | Predmet: Zaštita na radu u turizmu i ugostiteljstvu (ZNR) | Nastavnik: Sandra Bučić Srdarev | Učionica: 1.A | Sat: 3, 4",Off
Ekologija u turizmu i ugostiteljstvu (ORT-1),2026-11-24,12:35,2026-11-24,13:20,False,"1.A – LINIGRA – privatna škola s pravom javnosti, Gjure Szaba 4, 10000 Zagreb",Razred 1.A | Predmet: Ekologija u turizmu i ugostiteljstvu (ORT-1) | Nastavnik: Trpimir-Frane Sulić | Učionica: 1.A | Sat: 5,Off
Engleski jezik (ENG),2026-11-24,13:25,2026-11-24,14:10,False,"1.A – LINIGRA – privatna škola s pravom javnosti, Gjure Szaba 4, 10000 Zagreb",Razred 1.A | Predmet: Engleski jezik (ENG) | Nastavnik: Ivana Marušić | Učionica: 1.A | Sat: 6,Off
Tjelesni (TZK),2026-11-24,14:20,2026-11-24,15:05,False,"Ter – LINIGRA – privatna škola s pravom javnosti, Gjure Szaba 4, 10000 Zagreb",Razred 1.A | Predmet: Tjelesni (TZK) | Nastavnik: Andrea Josić | Učionica: Ter | Sat: 7,Off
Ekologija u turizmu i ugostiteljstvu (ORT-1),2026-11-25,08:45,2026-11-25,10:20,False,"1.A – LINIGRA – privatna škola s pravom javnosti, Gjure Szaba 4, 10000 Zagreb","Razred 1.A | Predmet: Ekologija u turizmu i ugostiteljstvu (ORT-1) | Nastavnik: Trpimir-Frane Sulić | Učionica: 1.A | Sat: 1, 2",Off
Zaštita na radu u turizmu i ugostiteljstvu (ZNR),2026-11-25,10:30,2026-11-25,12:05,False,"1.A – LINIGRA – privatna škola s pravom javnosti, Gjure Szaba 4, 10000 Zagreb","Razred 1.A | Predmet: Zaštita na radu u turizmu i ugostiteljstvu (ZNR) | Nastavnik: Sandra Bučić Srdarev | Učionica: 1.A | Sat: 3, 4",Off
Engleski jezik struke 4 (EJS1),2026-11-25,12:35,2026-11-25,13:20,False,"1.A – LINIGRA – privatna škola s pravom javnosti, Gjure Szaba 4, 10000 Zagreb",Razred 1.A | Predmet: Engleski jezik struke 4 (EJS1) | Nastavnik: Lana Potočki | Učionica: 1.A | Sat: 5,Off
Matematika (MAT),2026-11-25,13:25,2026-11-25,14:10,False,"1.A – LINIGRA – privatna škola s pravom javnosti, Gjure Szaba 4, 10000 Zagreb",Razred 1.A | Predmet: Matematika (MAT) | Nastavnik: Marija Erić | Učionica: 1.A | Sat: 6,Off
Hrvatski jezik (HRV),2026-11-25,14:20,2026-11-25,15:05,False,"1.A – LINIGRA – privatna škola s pravom javnosti, Gjure Szaba 4, 10000 Zagreb",Razred 1.A | Predmet: Hrvatski jezik (HRV) | Nastavnik: Iva Rončević | Učionica: 1.A | Sat: 7,Off
Matematika (MAT),2026-11-26,08:45,2026-11-26,09:30,False,"1.A – LINIGRA – privatna škola s pravom javnosti, Gjure Szaba 4, 10000 Zagreb",Razred 1.A | Predmet: Matematika (MAT) | Nastavnik: Marija Erić | Učionica: 1.A | Sat: 1,Off
Engleski jezik struke 4 (EJS1),2026-11-26,09:35,2026-11-26,10:20,False,"1.A – LINIGRA – privatna škola s pravom javnosti, Gjure Szaba 4, 10000 Zagreb",Razred 1.A | Predmet: Engleski jezik struke 4 (EJS1) | Nastavnik: Lana Potočki | Učionica: 1.A | Sat: 2,Off
Poslovni talijanski jezik u turizmu (TAL1),2026-11-26,10:30,2026-11-26,11:15,False,"1.A – LINIGRA – privatna škola s pravom javnosti, Gjure Szaba 4, 10000 Zagreb",Razred 1.A | Predmet: Poslovni talijanski jezik u turizmu (TAL1) | Nastavnik: Marina Šušić | Učionica: 1.A | Sat: 3,Off
Ekologija u turizmu i ugostiteljstvu (ORT-1),2026-11-26,11:20,2026-11-26,12:05,False,"1.A – LINIGRA – privatna škola s pravom javnosti, Gjure Szaba 4, 10000 Zagreb",Razred 1.A | Predmet: Ekologija u turizmu i ugostiteljstvu (ORT-1) | Nastavnik: Trpimir-Frane Sulić | Učionica: 1.A | Sat: 4,Off
Ekologija u turizmu i ugostiteljstvu (ORT-1),2026-11-26,12:35,2026-11-26,13:20,False,"1.A – LINIGRA – privatna škola s pravom javnosti, Gjure Szaba 4, 10000 Zagreb",Razred 1.A | Predmet: Ekologija u turizmu i ugostiteljstvu (ORT-1) | Nastavnik: Trpimir-Frane Sulić | Učionica: 1.A | Sat: 5,Off
Njemački jezik u turizmu (NJEM1),2026-11-26,13:25,2026-11-26,14:10,False,"1.A – LINIGRA – privatna škola s pravom javnosti, Gjure Szaba 4, 10000 Zagreb",Razred 1.A | Predmet: Njemački jezik u turizmu (NJEM1) | Nastavnik: Žaneta Štrbac Mišić | Učionica: 1.A | Sat: 6,Off
Hrvatski jezik (HRV),2026-11-26,14:20,2026-11-26,15:05,False,"1.A – LINIGRA – privatna škola s pravom javnosti, Gjure Szaba 4, 10000 Zagreb",Razred 1.A | Predmet: Hrvatski jezik (HRV) | Nastavnik: Iva Rončević | Učionica: 1.A | Sat: 7,Off
Zaštita na radu u turizmu i ugostiteljstvu (ZNR),2026-11-27,08:45,2026-11-27,10:20,False,"1.A – LINIGRA – privatna škola s pravom javnosti, Gjure Szaba 4, 10000 Zagreb","Razred 1.A | Predmet: Zaštita na radu u turizmu i ugostiteljstvu (ZNR) | Nastavnik: Sandra Bučić Srdarev | Učionica: 1.A | Sat: 1, 2",Off
Engleski jezik (ENG),2026-11-27,10:30,2026-11-27,11:15,False,"1.A – LINIGRA – privatna škola s pravom javnosti, Gjure Szaba 4, 10000 Zagreb",Razred 1.A | Predmet: Engleski jezik (ENG) | Nastavnik: Ivana Marušić | Učionica: 1.A | Sat: 3,Off
Hrvatski jezik (HRV),2026-11-27,11:20,2026-11-27,12:05,False,"1.A – LINIGRA – privatna škola s pravom javnosti, Gjure Szaba 4, 10000 Zagreb",Razred 1.A | Predmet: Hrvatski jezik (HRV) | Nastavnik: Iva Rončević | Učionica: 1.A | Sat: 4,Off
Njemački jezik u turizmu (NJEM1),2026-11-27,12:35,2026-11-27,13:20,False,"1.A – LINIGRA – privatna škola s pravom javnosti, Gjure Szaba 4, 10000 Zagreb",Razred 1.A | Predmet: Njemački jezik u turizmu (NJEM1) | Nastavnik: Žaneta Štrbac Mišić | Učionica: 1.A | Sat: 5,Off
Sat razredne zajednice (Srz),2026-11-27,13:25,2026-11-27,14:10,False,"1.A – LINIGRA – privatna škola s pravom javnosti, Gjure Szaba 4, 10000 Zagreb",Razred 1.A | Predmet: Sat razredne zajednice (Srz) | Nastavnik: Ivana Brinc | Učionica: 1.A | Sat: 6,Off
Njemački jezik u turizmu (NJEM1),2026-11-30,08:45,2026-11-30,09:30,False,"1.A – LINIGRA – privatna škola s pravom javnosti, Gjure Szaba 4, 10000 Zagreb",Razred 1.A | Predmet: Njemački jezik u turizmu (NJEM1) | Nastavnik: Žaneta Štrbac Mišić | Učionica: 1.A | Sat: 1,Off
Engleski jezik struke 4 (EJS1),2026-11-30,09:35,2026-11-30,10:20,False,"1.A – LINIGRA – privatna škola s pravom javnosti, Gjure Szaba 4, 10000 Zagreb",Razred 1.A | Predmet: Engleski jezik struke 4 (EJS1) | Nastavnik: Lana Potočki | Učionica: 1.A | Sat: 2,Off
Matematika (MAT),2026-11-30,10:30,2026-11-30,11:15,False,"1.A – LINIGRA – privatna škola s pravom javnosti, Gjure Szaba 4, 10000 Zagreb",Razred 1.A | Predmet: Matematika (MAT) | Nastavnik: Marija Erić | Učionica: 1.A | Sat: 3,Off
Hrvatski jezik (HRV),2026-11-30,11:20,2026-11-30,12:05,False,"1.A – LINIGRA – privatna škola s pravom javnosti, Gjure Szaba 4, 10000 Zagreb",Razred 1.A | Predmet: Hrvatski jezik (HRV) | Nastavnik: Iva Rončević | Učionica: 1.A | Sat: 4,Off
Poslovni talijanski jezik u turizmu (TAL1),2026-11-30,12:35,2026-11-30,13:20,False,"1.A – LINIGRA – privatna škola s pravom javnosti, Gjure Szaba 4, 10000 Zagreb",Razred 1.A | Predmet: Poslovni talijanski jezik u turizmu (TAL1) | Nastavnik: Marina Šušić | Učionica: 1.A | Sat: 5,Off
Povijest (POV),2026-11-30,13:25,2026-11-30,14:10,False,"1.A – LINIGRA – privatna škola s pravom javnosti, Gjure Szaba 4, 10000 Zagreb",Razred 1.A | Predmet: Povijest (POV) | Nastavnik: Ivana Brinc | Učionica: 1.A | Sat: 6,Off
Matematika (MAT),2026-12-01,08:45,2026-12-01,09:30,False,"1.A – LINIGRA – privatna škola s pravom javnosti, Gjure Szaba 4, 10000 Zagreb",Razred 1.A | Predmet: Matematika (MAT) | Nastavnik: Marija Erić | Učionica: 1.A | Sat: 1,Off
Vjeronauk (VJE),2026-12-01,09:35,2026-12-01,10:20,False,"1.A – LINIGRA – privatna škola s pravom javnosti, Gjure Szaba 4, 10000 Zagreb",Razred 1.A | Predmet: Vjeronauk (VJE) | Nastavnik: Marina Bertić | Učionica: 1.A | Sat: 2,Off
Zaštita na radu u turizmu i ugostiteljstvu (ZNR),2026-12-01,10:30,2026-12-01,12:05,False,"1.A – LINIGRA – privatna škola s pravom javnosti, Gjure Szaba 4, 10000 Zagreb","Razred 1.A | Predmet: Zaštita na radu u turizmu i ugostiteljstvu (ZNR) | Nastavnik: Sandra Bučić Srdarev | Učionica: 1.A | Sat: 3, 4",Off
Ekologija u turizmu i ugostiteljstvu (ORT-1),2026-12-01,12:35,2026-12-01,13:20,False,"1.A – LINIGRA – privatna škola s pravom javnosti, Gjure Szaba 4, 10000 Zagreb",Razred 1.A | Predmet: Ekologija u turizmu i ugostiteljstvu (ORT-1) | Nastavnik: Trpimir-Frane Sulić | Učionica: 1.A | Sat: 5,Off
Engleski jezik (ENG),2026-12-01,13:25,2026-12-01,14:10,False,"1.A – LINIGRA – privatna škola s pravom javnosti, Gjure Szaba 4, 10000 Zagreb",Razred 1.A | Predmet: Engleski jezik (ENG) | Nastavnik: Ivana Marušić | Učionica: 1.A | Sat: 6,Off
Tjelesni (TZK),2026-12-01,14:20,2026-12-01,15:05,False,"Ter – LINIGRA – privatna škola s pravom javnosti, Gjure Szaba 4, 10000 Zagreb",Razred 1.A | Predmet: Tjelesni (TZK) | Nastavnik: Andrea Josić | Učionica: Ter | Sat: 7,Off
Ekologija u turizmu i ugostiteljstvu (ORT-1),2026-12-02,08:45,2026-12-02,10:20,False,"1.A – LINIGRA – privatna škola s pravom javnosti, Gjure Szaba 4, 10000 Zagreb","Razred 1.A | Predmet: Ekologija u turizmu i ugostiteljstvu (ORT-1) | Nastavnik: Trpimir-Frane Sulić | Učionica: 1.A | Sat: 1, 2",Off
Zaštita na radu u turizmu i ugostiteljstvu (ZNR),2026-12-02,10:30,2026-12-02,12:05,False,"1.A – LINIGRA – privatna škola s pravom javnosti, Gjure Szaba 4, 10000 Zagreb","Razred 1.A | Predmet: Zaštita na radu u turizmu i ugostiteljstvu (ZNR) | Nastavnik: Sandra Bučić Srdarev | Učionica: 1.A | Sat: 3, 4",Off
Engleski jezik struke 4 (EJS1),2026-12-02,12:35,2026-12-02,13:20,False,"1.A – LINIGRA – privatna škola s pravom javnosti, Gjure Szaba 4, 10000 Zagreb",Razred 1.A | Predmet: Engleski jezik struke 4 (EJS1) | Nastavnik: Lana Potočki | Učionica: 1.A | Sat: 5,Off
Matematika (MAT),2026-12-02,13:25,2026-12-02,14:10,False,"1.A – LINIGRA – privatna škola s pravom javnosti, Gjure Szaba 4, 10000 Zagreb",Razred 1.A | Predmet: Matematika (MAT) | Nastavnik: Marija Erić | Učionica: 1.A | Sat: 6,Off
Hrvatski jezik (HRV),2026-12-02,14:20,2026-12-02,15:05,False,"1.A – LINIGRA – privatna škola s pravom javnosti, Gjure Szaba 4, 10000 Zagreb",Razred 1.A | Predmet: Hrvatski jezik (HRV) | Nastavnik: Iva Rončević | Učionica: 1.A | Sat: 7,Off
Matematika (MAT),2026-12-03,08:45,2026-12-03,09:30,False,"1.A – LINIGRA – privatna škola s pravom javnosti, Gjure Szaba 4, 10000 Zagreb",Razred 1.A | Predmet: Matematika (MAT) | Nastavnik: Marija Erić | Učionica: 1.A | Sat: 1,Off
Engleski jezik struke 4 (EJS1),2026-12-03,09:35,2026-12-03,10:20,False,"1.A – LINIGRA – privatna škola s pravom javnosti, Gjure Szaba 4, 10000 Zagreb",Razred 1.A | Predmet: Engleski jezik struke 4 (EJS1) | Nastavnik: Lana Potočki | Učionica: 1.A | Sat: 2,Off
Poslovni talijanski jezik u turizmu (TAL1),2026-12-03,10:30,2026-12-03,11:15,False,"1.A – LINIGRA – privatna škola s pravom javnosti, Gjure Szaba 4, 10000 Zagreb",Razred 1.A | Predmet: Poslovni talijanski jezik u turizmu (TAL1) | Nastavnik: Marina Šušić | Učionica: 1.A | Sat: 3,Off
Ekologija u turizmu i ugostiteljstvu (ORT-1),2026-12-03,11:20,2026-12-03,12:05,False,"1.A – LINIGRA – privatna škola s pravom javnosti, Gjure Szaba 4, 10000 Zagreb",Razred 1.A | Predmet: Ekologija u turizmu i ugostiteljstvu (ORT-1) | Nastavnik: Trpimir-Frane Sulić | Učionica: 1.A | Sat: 4,Off
Ekologija u turizmu i ugostiteljstvu (ORT-1),2026-12-03,12:35,2026-12-03,13:20,False,"1.A – LINIGRA – privatna škola s pravom javnosti, Gjure Szaba 4, 10000 Zagreb",Razred 1.A | Predmet: Ekologija u turizmu i ugostiteljstvu (ORT-1) | Nastavnik: Trpimir-Frane Sulić | Učionica: 1.A | Sat: 5,Off
Njemački jezik u turizmu (NJEM1),2026-12-03,13:25,2026-12-03,14:10,False,"1.A – LINIGRA – privatna škola s pravom javnosti, Gjure Szaba 4, 10000 Zagreb",Razred 1.A | Predmet: Njemački jezik u turizmu (NJEM1) | Nastavnik: Žaneta Štrbac Mišić | Učionica: 1.A | Sat: 6,Off
Hrvatski jezik (HRV),2026-12-03,14:20,2026-12-03,15:05,False,"1.A – LINIGRA – privatna škola s pravom javnosti, Gjure Szaba 4, 10000 Zagreb",Razred 1.A | Predmet: Hrvatski jezik (HRV) | Nastavnik: Iva Rončević | Učionica: 1.A | Sat: 7,Off
Zaštita na radu u turizmu i ugostiteljstvu (ZNR),2026-12-04,08:45,2026-12-04,10:20,False,"1.A – LINIGRA – privatna škola s pravom javnosti, Gjure Szaba 4, 10000 Zagreb","Razred 1.A | Predmet: Zaštita na radu u turizmu i ugostiteljstvu (ZNR) | Nastavnik: Sandra Bučić Srdarev | Učionica: 1.A | Sat: 1, 2",Off
Engleski jezik (ENG),2026-12-04,10:30,2026-12-04,11:15,False,"1.A – LINIGRA – privatna škola s pravom javnosti, Gjure Szaba 4, 10000 Zagreb",Razred 1.A | Predmet: Engleski jezik (ENG) | Nastavnik: Ivana Marušić | Učionica: 1.A | Sat: 3,Off
Hrvatski jezik (HRV),2026-12-04,11:20,2026-12-04,12:05,False,"1.A – LINIGRA – privatna škola s pravom javnosti, Gjure Szaba 4, 10000 Zagreb",Razred 1.A | Predmet: Hrvatski jezik (HRV) | Nastavnik: Iva Rončević | Učionica: 1.A | Sat: 4,Off
Njemački jezik u turizmu (NJEM1),2026-12-04,12:35,2026-12-04,13:20,False,"1.A – LINIGRA – privatna škola s pravom javnosti, Gjure Szaba 4, 10000 Zagreb",Razred 1.A | Predmet: Njemački jezik u turizmu (NJEM1) | Nastavnik: Žaneta Štrbac Mišić | Učionica: 1.A | Sat: 5,Off
Sat razredne zajednice (Srz),2026-12-04,13:25,2026-12-04,14:10,False,"1.A – LINIGRA – privatna škola s pravom javnosti, Gjure Szaba 4, 10000 Zagreb",Razred 1.A | Predmet: Sat razredne zajednice (Srz) | Nastavnik: Ivana Brinc | Učionica: 1.A | Sat: 6,Off
Njemački jezik u turizmu (NJEM1),2026-12-07,08:45,2026-12-07,09:30,False,"1.A – LINIGRA – privatna škola s pravom javnosti, Gjure Szaba 4, 10000 Zagreb",Razred 1.A | Predmet: Njemački jezik u turizmu (NJEM1) | Nastavnik: Žaneta Štrbac Mišić | Učionica: 1.A | Sat: 1,Off
Engleski jezik struke 4 (EJS1),2026-12-07,09:35,2026-12-07,10:20,False,"1.A – LINIGRA – privatna škola s pravom javnosti, Gjure Szaba 4, 10000 Zagreb",Razred 1.A | Predmet: Engleski jezik struke 4 (EJS1) | Nastavnik: Lana Potočki | Učionica: 1.A | Sat: 2,Off
Matematika (MAT),2026-12-07,10:30,2026-12-07,11:15,False,"1.A – LINIGRA – privatna škola s pravom javnosti, Gjure Szaba 4, 10000 Zagreb",Razred 1.A | Predmet: Matematika (MAT) | Nastavnik: Marija Erić | Učionica: 1.A | Sat: 3,Off
Hrvatski jezik (HRV),2026-12-07,11:20,2026-12-07,12:05,False,"1.A – LINIGRA – privatna škola s pravom javnosti, Gjure Szaba 4, 10000 Zagreb",Razred 1.A | Predmet: Hrvatski jezik (HRV) | Nastavnik: Iva Rončević | Učionica: 1.A | Sat: 4,Off
Poslovni talijanski jezik u turizmu (TAL1),2026-12-07,12:35,2026-12-07,13:20,False,"1.A – LINIGRA – privatna škola s pravom javnosti, Gjure Szaba 4, 10000 Zagreb",Razred 1.A | Predmet: Poslovni talijanski jezik u turizmu (TAL1) | Nastavnik: Marina Šušić | Učionica: 1.A | Sat: 5,Off
Povijest (POV),2026-12-07,13:25,2026-12-07,14:10,False,"1.A – LINIGRA – privatna škola s pravom javnosti, Gjure Szaba 4, 10000 Zagreb",Razred 1.A | Predmet: Povijest (POV) | Nastavnik: Ivana Brinc | Učionica: 1.A | Sat: 6,Off
Matematika (MAT),2026-12-08,08:45,2026-12-08,09:30,False,"1.A – LINIGRA – privatna škola s pravom javnosti, Gjure Szaba 4, 10000 Zagreb",Razred 1.A | Predmet: Matematika (MAT) | Nastavnik: Marija Erić | Učionica: 1.A | Sat: 1,Off
Vjeronauk (VJE),2026-12-08,09:35,2026-12-08,10:20,False,"1.A – LINIGRA – privatna škola s pravom javnosti, Gjure Szaba 4, 10000 Zagreb",Razred 1.A | Predmet: Vjeronauk (VJE) | Nastavnik: Marina Bertić | Učionica: 1.A | Sat: 2,Off
Zaštita na radu u turizmu i ugostiteljstvu (ZNR),2026-12-08,10:30,2026-12-08,12:05,False,"1.A – LINIGRA – privatna škola s pravom javnosti, Gjure Szaba 4, 10000 Zagreb","Razred 1.A | Predmet: Zaštita na radu u turizmu i ugostiteljstvu (ZNR) | Nastavnik: Sandra Bučić Srdarev | Učionica: 1.A | Sat: 3, 4",Off
Ekologija u turizmu i ugostiteljstvu (ORT-1),2026-12-08,12:35,2026-12-08,13:20,False,"1.A – LINIGRA – privatna škola s pravom javnosti, Gjure Szaba 4, 10000 Zagreb",Razred 1.A | Predmet: Ekologija u turizmu i ugostiteljstvu (ORT-1) | Nastavnik: Trpimir-Frane Sulić | Učionica: 1.A | Sat: 5,Off
Engleski jezik (ENG),2026-12-08,13:25,2026-12-08,14:10,False,"1.A – LINIGRA – privatna škola s pravom javnosti, Gjure Szaba 4, 10000 Zagreb",Razred 1.A | Predmet: Engleski jezik (ENG) | Nastavnik: Ivana Marušić | Učionica: 1.A | Sat: 6,Off
Tjelesni (TZK),2026-12-08,14:20,2026-12-08,15:05,False,"Ter – LINIGRA – privatna škola s pravom javnosti, Gjure Szaba 4, 10000 Zagreb",Razred 1.A | Predmet: Tjelesni (TZK) | Nastavnik: Andrea Josić | Učionica: Ter | Sat: 7,Off
Ekologija u turizmu i ugostiteljstvu (ORT-1),2026-12-09,08:45,2026-12-09,10:20,False,"1.A – LINIGRA – privatna škola s pravom javnosti, Gjure Szaba 4, 10000 Zagreb","Razred 1.A | Predmet: Ekologija u turizmu i ugostiteljstvu (ORT-1) | Nastavnik: Trpimir-Frane Sulić | Učionica: 1.A | Sat: 1, 2",Off
Zaštita na radu u turizmu i ugostiteljstvu (ZNR),2026-12-09,10:30,2026-12-09,12:05,False,"1.A – LINIGRA – privatna škola s pravom javnosti, Gjure Szaba 4, 10000 Zagreb","Razred 1.A | Predmet: Zaštita na radu u turizmu i ugostiteljstvu (ZNR) | Nastavnik: Sandra Bučić Srdarev | Učionica: 1.A | Sat: 3, 4",Off
Engleski jezik struke 4 (EJS1),2026-12-09,12:35,2026-12-09,13:20,False,"1.A – LINIGRA – privatna škola s pravom javnosti, Gjure Szaba 4, 10000 Zagreb",Razred 1.A | Predmet: Engleski jezik struke 4 (EJS1) | Nastavnik: Lana Potočki | Učionica: 1.A | Sat: 5,Off
Matematika (MAT),2026-12-09,13:25,2026-12-09,14:10,False,"1.A – LINIGRA – privatna škola s pravom javnosti, Gjure Szaba 4, 10000 Zagreb",Razred 1.A | Predmet: Matematika (MAT) | Nastavnik: Marija Erić | Učionica: 1.A | Sat: 6,Off
Hrvatski jezik (HRV),2026-12-09,14:20,2026-12-09,15:05,False,"1.A – LINIGRA – privatna škola s pravom javnosti, Gjure Szaba 4, 10000 Zagreb",Razred 1.A | Predmet: Hrvatski jezik (HRV) | Nastavnik: Iva Rončević | Učionica: 1.A | Sat: 7,Off
Matematika (MAT),2026-12-10,08:45,2026-12-10,09:30,False,"1.A – LINIGRA – privatna škola s pravom javnosti, Gjure Szaba 4, 10000 Zagreb",Razred 1.A | Predmet: Matematika (MAT) | Nastavnik: Marija Erić | Učionica: 1.A | Sat: 1,Off
Engleski jezik struke 4 (EJS1),2026-12-10,09:35,2026-12-10,10:20,False,"1.A – LINIGRA – privatna škola s pravom javnosti, Gjure Szaba 4, 10000 Zagreb",Razred 1.A | Predmet: Engleski jezik struke 4 (EJS1) | Nastavnik: Lana Potočki | Učionica: 1.A | Sat: 2,Off
Poslovni talijanski jezik u turizmu (TAL1),2026-12-10,10:30,2026-12-10,11:15,False,"1.A – LINIGRA – privatna škola s pravom javnosti, Gjure Szaba 4, 10000 Zagreb",Razred 1.A | Predmet: Poslovni talijanski jezik u turizmu (TAL1) | Nastavnik: Marina Šušić | Učionica: 1.A | Sat: 3,Off
Ekologija u turizmu i ugostiteljstvu (ORT-1),2026-12-10,11:20,2026-12-10,12:05,False,"1.A – LINIGRA – privatna škola s pravom javnosti, Gjure Szaba 4, 10000 Zagreb",Razred 1.A | Predmet: Ekologija u turizmu i ugostiteljstvu (ORT-1) | Nastavnik: Trpimir-Frane Sulić | Učionica: 1.A | Sat: 4,Off
Ekologija u turizmu i ugostiteljstvu (ORT-1),2026-12-10,12:35,2026-12-10,13:20,False,"1.A – LINIGRA – privatna škola s pravom javnosti, Gjure Szaba 4, 10000 Zagreb",Razred 1.A | Predmet: Ekologija u turizmu i ugostiteljstvu (ORT-1) | Nastavnik: Trpimir-Frane Sulić | Učionica: 1.A | Sat: 5,Off
Njemački jezik u turizmu (NJEM1),2026-12-10,13:25,2026-12-10,14:10,False,"1.A – LINIGRA – privatna škola s pravom javnosti, Gjure Szaba 4, 10000 Zagreb",Razred 1.A | Predmet: Njemački jezik u turizmu (NJEM1) | Nastavnik: Žaneta Štrbac Mišić | Učionica: 1.A | Sat: 6,Off
Hrvatski jezik (HRV),2026-12-10,14:20,2026-12-10,15:05,False,"1.A – LINIGRA – privatna škola s pravom javnosti, Gjure Szaba 4, 10000 Zagreb",Razred 1.A | Predmet: Hrvatski jezik (HRV) | Nastavnik: Iva Rončević | Učionica: 1.A | Sat: 7,Off
Zaštita na radu u turizmu i ugostiteljstvu (ZNR),2026-12-11,08:45,2026-12-11,10:20,False,"1.A – LINIGRA – privatna škola s pravom javnosti, Gjure Szaba 4, 10000 Zagreb","Razred 1.A | Predmet: Zaštita na radu u turizmu i ugostiteljstvu (ZNR) | Nastavnik: Sandra Bučić Srdarev | Učionica: 1.A | Sat: 1, 2",Off
Engleski jezik (ENG),2026-12-11,10:30,2026-12-11,11:15,False,"1.A – LINIGRA – privatna škola s pravom javnosti, Gjure Szaba 4, 10000 Zagreb",Razred 1.A | Predmet: Engleski jezik (ENG) | Nastavnik: Ivana Marušić | Učionica: 1.A | Sat: 3,Off
Hrvatski jezik (HRV),2026-12-11,11:20,2026-12-11,12:05,False,"1.A – LINIGRA – privatna škola s pravom javnosti, Gjure Szaba 4, 10000 Zagreb",Razred 1.A | Predmet: Hrvatski jezik (HRV) | Nastavnik: Iva Rončević | Učionica: 1.A | Sat: 4,Off
Njemački jezik u turizmu (NJEM1),2026-12-11,12:35,2026-12-11,13:20,False,"1.A – LINIGRA – privatna škola s pravom javnosti, Gjure Szaba 4, 10000 Zagreb",Razred 1.A | Predmet: Njemački jezik u turizmu (NJEM1) | Nastavnik: Žaneta Štrbac Mišić | Učionica: 1.A | Sat: 5,Off
Sat razredne zajednice (Srz),2026-12-11,13:25,2026-12-11,14:10,False,"1.A – LINIGRA – privatna škola s pravom javnosti, Gjure Szaba 4, 10000 Zagreb",Razred 1.A | Predmet: Sat razredne zajednice (Srz) | Nastavnik: Ivana Brinc | Učionica: 1.A | Sat: 6,Off
Njemački jezik u turizmu (NJEM1),2026-12-14,08:45,2026-12-14,09:30,False,"1.A – LINIGRA – privatna škola s pravom javnosti, Gjure Szaba 4, 10000 Zagreb",Razred 1.A | Predmet: Njemački jezik u turizmu (NJEM1) | Nastavnik: Žaneta Štrbac Mišić | Učionica: 1.A | Sat: 1,Off
Engleski jezik struke 4 (EJS1),2026-12-14,09:35,2026-12-14,10:20,False,"1.A – LINIGRA – privatna škola s pravom javnosti, Gjure Szaba 4, 10000 Zagreb",Razred 1.A | Predmet: Engleski jezik struke 4 (EJS1) | Nastavnik: Lana Potočki | Učionica: 1.A | Sat: 2,Off
Matematika (MAT),2026-12-14,10:30,2026-12-14,11:15,False,"1.A – LINIGRA – privatna škola s pravom javnosti, Gjure Szaba 4, 10000 Zagreb",Razred 1.A | Predmet: Matematika (MAT) | Nastavnik: Marija Erić | Učionica: 1.A | Sat: 3,Off
Hrvatski jezik (HRV),2026-12-14,11:20,2026-12-14,12:05,False,"1.A – LINIGRA – privatna škola s pravom javnosti, Gjure Szaba 4, 10000 Zagreb",Razred 1.A | Predmet: Hrvatski jezik (HRV) | Nastavnik: Iva Rončević | Učionica: 1.A | Sat: 4,Off
Poslovni talijanski jezik u turizmu (TAL1),2026-12-14,12:35,2026-12-14,13:20,False,"1.A – LINIGRA – privatna škola s pravom javnosti, Gjure Szaba 4, 10000 Zagreb",Razred 1.A | Predmet: Poslovni talijanski jezik u turizmu (TAL1) | Nastavnik: Marina Šušić | Učionica: 1.A | Sat: 5,Off
Povijest (POV),2026-12-14,13:25,2026-12-14,14:10,False,"1.A – LINIGRA – privatna škola s pravom javnosti, Gjure Szaba 4, 10000 Zagreb",Razred 1.A | Predmet: Povijest (POV) | Nastavnik: Ivana Brinc | Učionica: 1.A | Sat: 6,Off
Matematika (MAT),2026-12-15,08:45,2026-12-15,09:30,False,"1.A – LINIGRA – privatna škola s pravom javnosti, Gjure Szaba 4, 10000 Zagreb",Razred 1.A | Predmet: Matematika (MAT) | Nastavnik: Marija Erić | Učionica: 1.A | Sat: 1,Off
Vjeronauk (VJE),2026-12-15,09:35,2026-12-15,10:20,False,"1.A – LINIGRA – privatna škola s pravom javnosti, Gjure Szaba 4, 10000 Zagreb",Razred 1.A | Predmet: Vjeronauk (VJE) | Nastavnik: Marina Bertić | Učionica: 1.A | Sat: 2,Off
Zaštita na radu u turizmu i ugostiteljstvu (ZNR),2026-12-15,10:30,2026-12-15,12:05,False,"1.A – LINIGRA – privatna škola s pravom javnosti, Gjure Szaba 4, 10000 Zagreb","Razred 1.A | Predmet: Zaštita na radu u turizmu i ugostiteljstvu (ZNR) | Nastavnik: Sandra Bučić Srdarev | Učionica: 1.A | Sat: 3, 4",Off
Ekologija u turizmu i ugostiteljstvu (ORT-1),2026-12-15,12:35,2026-12-15,13:20,False,"1.A – LINIGRA – privatna škola s pravom javnosti, Gjure Szaba 4, 10000 Zagreb",Razred 1.A | Predmet: Ekologija u turizmu i ugostiteljstvu (ORT-1) | Nastavnik: Trpimir-Frane Sulić | Učionica: 1.A | Sat: 5,Off
Engleski jezik (ENG),2026-12-15,13:25,2026-12-15,14:10,False,"1.A – LINIGRA – privatna škola s pravom javnosti, Gjure Szaba 4, 10000 Zagreb",Razred 1.A | Predmet: Engleski jezik (ENG) | Nastavnik: Ivana Marušić | Učionica: 1.A | Sat: 6,Off
Tjelesni (TZK),2026-12-15,14:20,2026-12-15,15:05,False,"Ter – LINIGRA – privatna škola s pravom javnosti, Gjure Szaba 4, 10000 Zagreb",Razred 1.A | Predmet: Tjelesni (TZK) | Nastavnik: Andrea Josić | Učionica: Ter | Sat: 7,Off
Ekologija u turizmu i ugostiteljstvu (ORT-1),2026-12-16,08:45,2026-12-16,10:20,False,"1.A – LINIGRA – privatna škola s pravom javnosti, Gjure Szaba 4, 10000 Zagreb","Razred 1.A | Predmet: Ekologija u turizmu i ugostiteljstvu (ORT-1) | Nastavnik: Trpimir-Frane Sulić | Učionica: 1.A | Sat: 1, 2",Off
Zaštita na radu u turizmu i ugostiteljstvu (ZNR),2026-12-16,10:30,2026-12-16,12:05,False,"1.A – LINIGRA – privatna škola s pravom javnosti, Gjure Szaba 4, 10000 Zagreb","Razred 1.A | Predmet: Zaštita na radu u turizmu i ugostiteljstvu (ZNR) | Nastavnik: Sandra Bučić Srdarev | Učionica: 1.A | Sat: 3, 4",Off
Engleski jezik struke 4 (EJS1),2026-12-16,12:35,2026-12-16,13:20,False,"1.A – LINIGRA – privatna škola s pravom javnosti, Gjure Szaba 4, 10000 Zagreb",Razred 1.A | Predmet: Engleski jezik struke 4 (EJS1) | Nastavnik: Lana Potočki | Učionica: 1.A | Sat: 5,Off
Matematika (MAT),2026-12-16,13:25,2026-12-16,14:10,False,"1.A – LINIGRA – privatna škola s pravom javnosti, Gjure Szaba 4, 10000 Zagreb",Razred 1.A | Predmet: Matematika (MAT) | Nastavnik: Marija Erić | Učionica: 1.A | Sat: 6,Off
Hrvatski jezik (HRV),2026-12-16,14:20,2026-12-16,15:05,False,"1.A – LINIGRA – privatna škola s pravom javnosti, Gjure Szaba 4, 10000 Zagreb",Razred 1.A | Predmet: Hrvatski jezik (HRV) | Nastavnik: Iva Rončević | Učionica: 1.A | Sat: 7,Off
Matematika (MAT),2026-12-17,08:45,2026-12-17,09:30,False,"1.A – LINIGRA – privatna škola s pravom javnosti, Gjure Szaba 4, 10000 Zagreb",Razred 1.A | Predmet: Matematika (MAT) | Nastavnik: Marija Erić | Učionica: 1.A | Sat: 1,Off
Engleski jezik struke 4 (EJS1),2026-12-17,09:35,2026-12-17,10:20,False,"1.A – LINIGRA – privatna škola s pravom javnosti, Gjure Szaba 4, 10000 Zagreb",Razred 1.A | Predmet: Engleski jezik struke 4 (EJS1) | Nastavnik: Lana Potočki | Učionica: 1.A | Sat: 2,Off
Poslovni talijanski jezik u turizmu (TAL1),2026-12-17,10:30,2026-12-17,11:15,False,"1.A – LINIGRA – privatna škola s pravom javnosti, Gjure Szaba 4, 10000 Zagreb",Razred 1.A | Predmet: Poslovni talijanski jezik u turizmu (TAL1) | Nastavnik: Marina Šušić | Učionica: 1.A | Sat: 3,Off
Ekologija u turizmu i ugostiteljstvu (ORT-1),2026-12-17,11:20,2026-12-17,12:05,False,"1.A – LINIGRA – privatna škola s pravom javnosti, Gjure Szaba 4, 10000 Zagreb",Razred 1.A | Predmet: Ekologija u turizmu i ugostiteljstvu (ORT-1) | Nastavnik: Trpimir-Frane Sulić | Učionica: 1.A | Sat: 4,Off
Ekologija u turizmu i ugostiteljstvu (ORT-1),2026-12-17,12:35,2026-12-17,13:20,False,"1.A – LINIGRA – privatna škola s pravom javnosti, Gjure Szaba 4, 10000 Zagreb",Razred 1.A | Predmet: Ekologija u turizmu i ugostiteljstvu (ORT-1) | Nastavnik: Trpimir-Frane Sulić | Učionica: 1.A | Sat: 5,Off
Njemački jezik u turizmu (NJEM1),2026-12-17,13:25,2026-12-17,14:10,False,"1.A – LINIGRA – privatna škola s pravom javnosti, Gjure Szaba 4, 10000 Zagreb",Razred 1.A | Predmet: Njemački jezik u turizmu (NJEM1) | Nastavnik: Žaneta Štrbac Mišić | Učionica: 1.A | Sat: 6,Off
Hrvatski jezik (HRV),2026-12-17,14:20,2026-12-17,15:05,False,"1.A – LINIGRA – privatna škola s pravom javnosti, Gjure Szaba 4, 10000 Zagreb",Razred 1.A | Predmet: Hrvatski jezik (HRV) | Nastavnik: Iva Rončević | Učionica: 1.A | Sat: 7,Off
Zaštita na radu u turizmu i ugostiteljstvu (ZNR),2026-12-18,08:45,2026-12-18,10:20,False,"1.A – LINIGRA – privatna škola s pravom javnosti, Gjure Szaba 4, 10000 Zagreb","Razred 1.A | Predmet: Zaštita na radu u turizmu i ugostiteljstvu (ZNR) | Nastavnik: Sandra Bučić Srdarev | Učionica: 1.A | Sat: 1, 2",Off
Engleski jezik (ENG),2026-12-18,10:30,2026-12-18,11:15,False,"1.A – LINIGRA – privatna škola s pravom javnosti, Gjure Szaba 4, 10000 Zagreb",Razred 1.A | Predmet: Engleski jezik (ENG) | Nastavnik: Ivana Marušić | Učionica: 1.A | Sat: 3,Off
Hrvatski jezik (HRV),2026-12-18,11:20,2026-12-18,12:05,False,"1.A – LINIGRA – privatna škola s pravom javnosti, Gjure Szaba 4, 10000 Zagreb",Razred 1.A | Predmet: Hrvatski jezik (HRV) | Nastavnik: Iva Rončević | Učionica: 1.A | Sat: 4,Off
Njemački jezik u turizmu (NJEM1),2026-12-18,12:35,2026-12-18,13:20,False,"1.A – LINIGRA – privatna škola s pravom javnosti, Gjure Szaba 4, 10000 Zagreb",Razred 1.A | Predmet: Njemački jezik u turizmu (NJEM1) | Nastavnik: Žaneta Štrbac Mišić | Učionica: 1.A | Sat: 5,Off
Sat razredne zajednice (Srz),2026-12-18,13:25,2026-12-18,14:10,False,"1.A – LINIGRA – privatna škola s pravom javnosti, Gjure Szaba 4, 10000 Zagreb",Razred 1.A | Predmet: Sat razredne zajednice (Srz) | Nastavnik: Ivana Brinc | Učionica: 1.A | Sat: 6,Off
Njemački jezik u turizmu (NJEM1),2026-12-21,08:45,2026-12-21,09:30,False,"1.A – LINIGRA – privatna škola s pravom javnosti, Gjure Szaba 4, 10000 Zagreb",Razred 1.A | Predmet: Njemački jezik u turizmu (NJEM1) | Nastavnik: Žaneta Štrbac Mišić | Učionica: 1.A | Sat: 1,Off
Engleski jezik struke 4 (EJS1),2026-12-21,09:35,2026-12-21,10:20,False,"1.A – LINIGRA – privatna škola s pravom javnosti, Gjure Szaba 4, 10000 Zagreb",Razred 1.A | Predmet: Engleski jezik struke 4 (EJS1) | Nastavnik: Lana Potočki | Učionica: 1.A | Sat: 2,Off
Matematika (MAT),2026-12-21,10:30,2026-12-21,11:15,False,"1.A – LINIGRA – privatna škola s pravom javnosti, Gjure Szaba 4, 10000 Zagreb",Razred 1.A | Predmet: Matematika (MAT) | Nastavnik: Marija Erić | Učionica: 1.A | Sat: 3,Off
Hrvatski jezik (HRV),2026-12-21,11:20,2026-12-21,12:05,False,"1.A – LINIGRA – privatna škola s pravom javnosti, Gjure Szaba 4, 10000 Zagreb",Razred 1.A | Predmet: Hrvatski jezik (HRV) | Nastavnik: Iva Rončević | Učionica: 1.A | Sat: 4,Off
Poslovni talijanski jezik u turizmu (TAL1),2026-12-21,12:35,2026-12-21,13:20,False,"1.A – LINIGRA – privatna škola s pravom javnosti, Gjure Szaba 4, 10000 Zagreb",Razred 1.A | Predmet: Poslovni talijanski jezik u turizmu (TAL1) | Nastavnik: Marina Šušić | Učionica: 1.A | Sat: 5,Off
Povijest (POV),2026-12-21,13:25,2026-12-21,14:10,False,"1.A – LINIGRA – privatna škola s pravom javnosti, Gjure Szaba 4, 10000 Zagreb",Razred 1.A | Predmet: Povijest (POV) | Nastavnik: Ivana Brinc | Učionica: 1.A | Sat: 6,Off
Matematika (MAT),2026-12-22,08:45,2026-12-22,09:30,False,"1.A – LINIGRA – privatna škola s pravom javnosti, Gjure Szaba 4, 10000 Zagreb",Razred 1.A | Predmet: Matematika (MAT) | Nastavnik: Marija Erić | Učionica: 1.A | Sat: 1,Off
Vjeronauk (VJE),2026-12-22,09:35,2026-12-22,10:20,False,"1.A – LINIGRA – privatna škola s pravom javnosti, Gjure Szaba 4, 10000 Zagreb",Razred 1.A | Predmet: Vjeronauk (VJE) | Nastavnik: Marina Bertić | Učionica: 1.A | Sat: 2,Off
Zaštita na radu u turizmu i ugostiteljstvu (ZNR),2026-12-22,10:30,2026-12-22,12:05,False,"1.A – LINIGRA – privatna škola s pravom javnosti, Gjure Szaba 4, 10000 Zagreb","Razred 1.A | Predmet: Zaštita na radu u turizmu i ugostiteljstvu (ZNR) | Nastavnik: Sandra Bučić Srdarev | Učionica: 1.A | Sat: 3, 4",Off
Ekologija u turizmu i ugostiteljstvu (ORT-1),2026-12-22,12:35,2026-12-22,13:20,False,"1.A – LINIGRA – privatna škola s pravom javnosti, Gjure Szaba 4, 10000 Zagreb",Razred 1.A | Predmet: Ekologija u turizmu i ugostiteljstvu (ORT-1) | Nastavnik: Trpimir-Frane Sulić | Učionica: 1.A | Sat: 5,Off
Engleski jezik (ENG),2026-12-22,13:25,2026-12-22,14:10,False,"1.A – LINIGRA – privatna škola s pravom javnosti, Gjure Szaba 4, 10000 Zagreb",Razred 1.A | Predmet: Engleski jezik (ENG) | Nastavnik: Ivana Marušić | Učionica: 1.A | Sat: 6,Off
Tjelesni (TZK),2026-12-22,14:20,2026-12-22,15:05,False,"Ter – LINIGRA – privatna škola s pravom javnosti, Gjure Szaba 4, 10000 Zagreb",Razred 1.A | Predmet: Tjelesni (TZK) | Nastavnik: Andrea Josić | Učionica: Ter | Sat: 7,Off
Ekologija u turizmu i ugostiteljstvu (ORT-1),2026-12-23,08:45,2026-12-23,10:20,False,"1.A – LINIGRA – privatna škola s pravom javnosti, Gjure Szaba 4, 10000 Zagreb","Razred 1.A | Predmet: Ekologija u turizmu i ugostiteljstvu (ORT-1) | Nastavnik: Trpimir-Frane Sulić | Učionica: 1.A | Sat: 1, 2",Off
Zaštita na radu u turizmu i ugostiteljstvu (ZNR),2026-12-23,10:30,2026-12-23,12:05,False,"1.A – LINIGRA – privatna škola s pravom javnosti, Gjure Szaba 4, 10000 Zagreb","Razred 1.A | Predmet: Zaštita na radu u turizmu i ugostiteljstvu (ZNR) | Nastavnik: Sandra Bučić Srdarev | Učionica: 1.A | Sat: 3, 4",Off
Engleski jezik struke 4 (EJS1),2026-12-23,12:35,2026-12-23,13:20,False,"1.A – LINIGRA – privatna škola s pravom javnosti, Gjure Szaba 4, 10000 Zagreb",Razred 1.A | Predmet: Engleski jezik struke 4 (EJS1) | Nastavnik: Lana Potočki | Učionica: 1.A | Sat: 5,Off
Matematika (MAT),2026-12-23,13:25,2026-12-23,14:10,False,"1.A – LINIGRA – privatna škola s pravom javnosti, Gjure Szaba 4, 10000 Zagreb",Razred 1.A | Predmet: Matematika (MAT) | Nastavnik: Marija Erić | Učionica: 1.A | Sat: 6,Off
Hrvatski jezik (HRV),2026-12-23,14:20,2026-12-23,15:05,False,"1.A – LINIGRA – privatna škola s pravom javnosti, Gjure Szaba 4, 10000 Zagreb",Razred 1.A | Predmet: Hrvatski jezik (HRV) | Nastavnik: Iva Rončević | Učionica: 1.A | Sat: 7,Off
Zimski odmor (1. dio) – nema nastave,2026-12-24,,2027-01-06,,True,"LINIGRA – privatna škola s pravom javnosti, Gjure Szaba 4, 10000 Zagreb",Izvor: javni kalendar Školski praznici HR,Off
